PVU69098.1	WP_011278746.1	31.5	324	209	6	21	338	21	337	1.75e-35	132
PVU69098.1	WP_058692946.1	31.5	324	209	6	21	338	21	337	2.66e-35	132
PVU69098.1	WP_062087721.1	31.5	324	209	6	21	338	21	337	2.78e-35	132
PVU69098.1	WP_062406575.1	31.5	324	209	6	21	338	21	337	1.83e-35	132
PVU69098.1	WP_062088690.1	31.5	324	209	6	21	338	21	337	2.59e-35	132
PVU69098.1	WP_062488539.1	31.5	324	209	6	21	338	21	337	2.63e-35	132
PVU69098.1	WP_061997301.1	31.5	324	209	6	21	338	21	337	2.66e-35	132
PVU69098.1	WP_061952167.1	31.5	324	209	6	21	338	21	337	1.56e-35	132
PVU69098.1	WP_061960521.1	31.5	324	209	6	21	338	21	337	2.74e-35	132
PVU69098.1	WP_062420059.1	31.5	324	209	6	21	338	21	337	1.81e-35	132
PVU69098.1	WP_061961119.1	31.5	324	209	6	21	338	21	337	1.75e-35	132
PVU69098.1	WP_062094627.1	31.5	324	209	6	21	338	21	337	5.32e-36	132
PVU69098.1	WP_062156831.1	31.5	324	209	6	21	338	21	337	1.75e-35	132
PVU69098.1	WP_062095597.1	31.5	324	209	6	21	338	21	337	1.61e-35	132
PVU69098.1	WP_061980095.1	31.5	324	209	6	21	338	21	337	1.64e-35	132
PVU69098.1	WP_062509848.1	31.5	324	209	6	21	338	21	337	1.86e-35	132
PVU69098.1	WP_062421193.1	31.5	324	209	6	21	338	21	337	2.55e-35	132
PVU69098.1	WP_061997995.1	31.5	324	209	6	21	338	21	337	1.95e-35	132
PVU69098.1	WP_061992294.1	31.5	324	209	6	21	338	21	337	1.86e-35	132
PVU69098.1	WP_062110878.1	31.5	324	209	6	21	338	21	337	2.98e-35	132
PVU69098.1	WP_062111155.1	31.5	324	209	6	21	338	21	337	2.78e-35	132
PVU69098.1	WP_062513706.1	31.5	324	209	6	21	338	21	337	1.81e-35	132
PVU69098.1	WP_062368158.1	31.5	324	209	6	21	338	21	337	1.78e-35	132
PVU69098.1	WP_061997568.1	31.5	324	209	6	21	338	11	327	2.55e-35	132
PVU69098.1	WP_062164943.1	31.5	324	209	6	21	338	21	337	1.61e-35	132
PVU69098.1	WP_062003555.1	31.5	324	209	6	21	338	21	337	3.98e-35	132
PVU69098.1	WP_062369434.1	31.5	324	209	6	21	338	21	337	1.81e-35	132
PVU69098.1	WP_062428019.1	31.5	324	209	6	21	338	21	337	2.59e-35	132
PVU69098.1	WP_048054436.1	32.1	324	207	6	21	338	11	327	1.03e-34	130
PVU69098.1	WP_058692957.1	32.1	324	207	6	21	338	11	327	2.36e-34	130
PVU69098.1	WP_062087724.1	32.1	324	207	6	21	338	11	327	1.64e-34	130
PVU69098.1	WP_062406593.1	32.1	324	207	6	21	338	11	327	1.08e-34	130
PVU69098.1	WP_062088684.1	32.1	324	207	6	21	338	11	327	1.53e-34	130
PVU69098.1	WP_062488557.1	32.1	324	207	6	21	338	11	327	1.55e-34	130
PVU69098.1	WP_061997303.1	32.1	324	207	6	21	338	11	327	1.57e-34	130
PVU69098.1	WP_061952179.1	32.1	324	207	6	21	338	11	327	9.20e-35	130
PVU69098.1	WP_062414751.1	32.1	324	207	6	21	338	11	327	9.35e-35	130
PVU69098.1	WP_062094622.1	32.1	324	207	6	21	338	11	327	1.51e-34	130
PVU69098.1	WP_062095593.1	32.1	324	207	6	21	338	11	327	9.50e-35	130
PVU69098.1	WP_061980103.1	32.1	324	207	6	21	338	11	327	9.66e-35	130
PVU69098.1	WP_062509853.1	32.1	324	207	6	21	338	11	327	1.10e-34	130
PVU69098.1	WP_061980403.1	32.1	324	207	6	21	338	11	327	1.46e-34	130
PVU69098.1	WP_230952242.1	32.1	324	207	6	21	338	11	327	1.62e-34	130
PVU69098.1	WP_061992264.1	32.1	324	207	6	21	338	11	327	1.24e-34	130
PVU69098.1	WP_062511519.1	32.1	324	207	6	21	338	11	327	1.03e-34	130
PVU69098.1	WP_062110880.1	32.1	324	207	6	21	338	11	327	1.76e-34	130
PVU69098.1	WP_062512040.1	32.1	324	207	6	21	338	11	327	1.10e-34	130
PVU69098.1	WP_062111163.1	32.1	324	207	6	21	338	11	327	1.64e-34	130
PVU69098.1	WP_062513712.1	32.1	324	207	6	21	338	11	327	1.06e-34	130
PVU69098.1	WP_062368159.1	32.1	324	207	6	21	338	11	327	1.05e-34	130
PVU69098.1	WP_061998005.1	32.1	324	207	6	21	338	11	327	1.15e-34	130
PVU69098.1	WP_230951982.1	32.1	324	207	6	21	338	11	327	1.34e-34	130
PVU69098.1	WP_062369437.1	32.1	324	207	6	21	338	11	327	1.06e-34	130
PVU69098.1	WP_062428036.1	32.1	324	207	6	21	338	11	327	1.53e-34	130
PVU69098.1	WP_198362313.1	31.8	324	208	6	21	338	11	327	2.70e-34	129
PVU69102.1	WP_011277055.1	61.5	78	30	0	1	78	1	78	1.31e-30	107
PVU69102.1	WP_015385364.1	63.0	73	27	0	6	78	3	75	2.55e-29	103
PVU69103.1	WP_011277259.1	36.9	103	63	2	4	105	2	103	1.42e-16	66.6
PVU69104.1	WP_011277258.1	65.0	140	49	0	4	143	42	181	1.75e-64	192
PVU69105.1	WP_011277261.1	75.5	331	81	0	1	331	20	350	7.13e-197	541
PVU69106.1	WP_011277908.1	24.5	567	291	24	53	541	33	540	4.59e-29	117
PVU69106.1	WP_011278350.1	25.5	589	302	25	54	514	36	615	1.35e-28	117
PVU69107.1	WP_011278879.1	77.7	179	39	1	1	178	1	179	3.27e-93	266
PVU69108.1	WP_015385468.1	71.1	152	44	0	1	152	19	170	7.40e-77	223
PVU69109.1	WP_011277537.1	70.1	314	93	1	5	317	6	319	3.08e-167	464
PVU69110.1	WP_011277536.1	60.1	153	60	1	1	153	1	152	5.30e-59	177
PVU69111.1	WP_011277289.1	72.8	372	101	0	1	372	1	372	2.50e-198	548
PVU69111.1	WP_011278505.1	72.3	372	102	1	1	372	1	371	2.74e-196	543
PVU69112.1	WP_011278700.1	51.5	99	48	0	1	99	1	99	5.45e-33	107
PVU69113.1	WP_011278698.1	50.8	394	174	7	1	375	2	394	1.72e-127	369
PVU69113.1	WP_062514662.1	46.8	427	174	8	1	375	2	427	2.27e-120	352
PVU69114.1	WP_011278697.1	32.9	70	44	1	4	70	7	76	4.27e-06	37.7
PVU69116.1	WP_011277055.1	37.8	267	73	1	1	267	184	357	6.01e-33	120
PVU69116.1	WP_015385364.1	37.8	267	73	1	1	267	181	354	5.70e-33	120
PVU69117.1	WP_048054418.1	57.3	225	93	3	2	225	47	269	3.80e-88	259
PVU69118.1	WP_011277133.1	41.3	247	137	6	26	266	46	290	1.93e-49	165
PVU69119.1	WP_011278643.1	25.9	375	228	10	1	332	1	368	2.70e-19	85.9
PVU69119.1	WP_011279070.1	28.6	308	174	11	7	272	8	311	2.96e-19	85.9
PVU69120.1	WP_011279100.1	53.8	223	99	3	4	224	129	349	1.94e-77	234
PVU69121.1	WP_306308648.1	51.6	225	107	1	21	243	1	225	3.86e-74	222
PVU69122.1	WP_011278754.1	53.8	171	76	3	4	173	5	173	3.62e-63	189
PVU69123.1	WP_230949762.1	42.3	338	172	3	1	316	8	344	3.14e-88	265
PVU69123.1	WP_011277151.1	42.3	338	172	3	1	316	15	351	3.89e-88	265
PVU69124.1	WP_011278302.1	33.0	112	69	4	44	154	64	170	1.18e-07	48.9
PVU69126.1	WP_011278967.1	62.4	197	70	2	1	193	55	251	4.26e-96	277
PVU69127.1	WP_011279151.1	68.0	244	77	1	1	244	1	243	1.27e-130	366
PVU69127.1	WP_230955528.1	67.7	223	71	1	1	223	1	222	6.29e-117	331
PVU69128.1	WP_011279145.1	74.6	590	147	3	1	587	1	590	0.0	906
PVU69128.1	WP_061961055.1	74.4	590	148	3	1	587	1	590	0.0	905
PVU69129.1	WP_011279144.1	62.3	371	136	4	1	370	20	387	1.10e-159	450
PVU69130.1	WP_011277896.1	29.5	346	214	6	10	329	9	350	7.14e-34	124
PVU69130.1	WP_011278570.1	30.3	333	216	5	7	329	24	350	3.75e-32	120
PVU69130.1	WP_061972167.1	30.4	326	215	7	10	329	9	328	6.61e-31	116
PVU69131.1	WP_011278572.1	36.4	308	189	5	5	307	10	315	1.80e-60	193
PVU69132.1	WP_011278573.1	42.3	253	140	3	11	260	1	250	5.57e-57	182
PVU69132.1	WP_011277893.1	38.3	261	137	3	21	260	18	275	5.41e-52	172
PVU69133.1	WP_011277558.1	84.1	246	39	0	2	247	358	603	4.11e-149	426
PVU69134.1	WP_011277557.1	92.1	378	30	0	1	378	1	378	9.34e-263	712
PVU69135.1	WP_011277556.1	67.1	76	25	0	1	76	1	76	3.46e-28	94.0
PVU69136.1	WP_011277555.1	49.4	85	41	2	1	84	1	84	1.08e-24	85.5
PVU69137.1	WP_230937874.1	39.5	114	64	3	18	127	8	120	4.03e-17	68.9
PVU69138.1	WP_011277553.1	38.9	108	61	2	1	103	1	108	4.84e-14	63.9
PVU69138.1	WP_230955555.1	41.1	95	51	2	14	103	5	99	5.79e-13	60.8
PVU69139.1	WP_011279095.1	82.5	206	36	0	6	211	98	303	1.51e-131	369
PVU69140.1	WP_024084720.1	81.3	91	17	0	4	94	10	100	6.24e-48	145
PVU69141.1	WP_011278891.1	64.2	452	158	2	7	455	5	455	6.33e-201	561
PVU69143.1	WP_011279097.1	53.6	97	45	0	1	97	18	114	3.48e-33	108
PVU69143.1	WP_272585107.1	53.7	95	44	0	3	97	3	97	6.09e-33	107
PVU69146.1	WP_011277064.1	38.6	290	152	8	9	286	1	276	1.19e-46	155
PVU69147.1	WP_024083597.1	54.7	139	62	1	1	138	1	139	1.34e-58	176
PVU69150.1	WP_015385687.1	51.7	269	128	2	59	326	47	314	9.31e-98	288
PVU69150.1	WP_230937938.1	51.7	269	128	2	59	326	48	315	9.62e-98	288
PVU69152.1	WP_088899910.1	85.8	246	35	0	1	246	1	246	2.77e-163	450
PVU69152.1	WP_011277859.1	85.8	246	35	0	1	246	1	246	7.93e-163	449
PVU69153.1	WP_011277860.1	73.3	206	53	1	1	204	1	206	2.68e-110	311
PVU69154.1	WP_080504010.1	82.3	356	63	0	1	356	6	361	1.05e-229	626
PVU69156.1	WP_230952028.1	77.2	79	16	1	8	86	1	77	4.72e-36	115
PVU69157.1	WP_011278956.1	52.6	173	72	5	16	185	46	211	1.51e-56	174
PVU69158.1	WP_011277585.1	87.8	581	71	0	1	581	1	581	0.0	1103
PVU69159.1	WP_015385473.1	51.8	309	146	2	1	306	1	309	3.21e-126	360
PVU69160.1	WP_011277587.1	66.7	135	44	1	1	134	312	446	6.21e-54	172
PVU69171.1	WP_011278798.1	38.0	100	59	1	33	132	3	99	3.59e-16	66.2
PVU69171.1	WP_015385735.1	29.0	131	88	2	4	134	5	130	3.02e-14	62.0
PVU69172.1	WP_011277193.1	22.4	210	127	7	13	189	51	257	4.01e-08	50.8
PVU69173.1	WP_011277337.1	35.0	257	109	10	3	233	5	229	3.66e-30	110
PVU69175.1	WP_015385492.1	31.3	310	188	12	1	297	1	298	3.10e-34	124
PVU69175.1	WP_011277638.1	31.2	308	187	12	3	297	2	297	1.15e-33	122
PVU69175.1	WP_011278512.1	28.8	309	186	9	4	300	1	287	9.06e-31	114
PVU69181.1	WP_176586696.1	52.5	240	107	5	41	274	64	302	5.73e-82	246
PVU69182.1	WP_011277747.1	69.6	372	109	4	1	368	1	372	4.05e-188	522
PVU69183.1	WP_011277745.1	65.4	179	60	1	2	178	7	185	9.82e-78	227
PVU69184.1	WP_011277744.1	74.3	269	69	0	1	269	323	591	1.49e-150	430
PVU69185.1	WP_015385513.1	44.8	165	90	1	5	168	53	217	6.95e-51	159
PVU69186.1	WP_011277192.1	27.4	168	92	9	54	216	55	197	1.58e-08	50.1
PVU69199.1	WP_088899932.1	50.3	153	73	2	59	210	102	252	2.47e-51	163
PVU69199.1	WP_011278555.1	52.0	152	71	2	61	210	53	204	3.62e-51	162
PVU69199.1	WP_015385793.1	58.0	143	57	2	69	208	56	198	6.82e-50	158
PVU69200.1	WP_011278885.1	34.1	185	72	5	10	174	8	162	1.08e-23	89.0
PVU69201.1	WP_015385766.1	51.7	453	212	4	5	456	12	458	5.23e-153	444
PVU69202.1	WP_011279044.1	52.3	176	84	0	8	183	10	185	2.08e-55	171
PVU69203.1	WP_015385692.1	41.9	117	66	2	35	150	1	116	5.78e-31	105
PVU69207.1	WP_011278700.1	51.5	99	48	0	1	99	1	99	5.45e-33	107
PVU69213.1	WP_011277915.1	49.0	49	22	1	1	49	8	53	3.72e-07	39.7
PVU69217.1	WP_257719735.1	40.6	32	17	1	2	33	7	36	1.75e-04	31.6
PVU69218.1	WP_015385526.1	27.4	113	74	3	2	113	43	148	9.17e-07	47.0
PVU69218.1	WP_011277820.1	27.4	113	74	3	2	113	15	120	8.79e-07	47.0
PVU69220.1	WP_011278723.1	30.2	182	79	6	73	233	102	256	8.64e-13	63.5
PVU69220.1	WP_230952265.1	30.2	182	79	6	73	233	88	242	7.48e-13	63.5
PVU69221.1	WP_011277870.1	30.0	207	121	9	10	199	5	204	8.01e-11	57.8
PVU69225.1	WP_011278204.1	35.0	277	166	5	7	276	41	310	3.13e-49	162
PVU69226.1	WP_015385810.1	47.5	261	131	2	4	260	2	260	2.67e-74	224
PVU69227.1	WP_011279150.1	79.7	355	71	1	1	355	1	354	4.83e-215	588
PVU69228.1	WP_011278523.1	62.2	555	209	1	4	558	2	555	1.52e-247	688
PVU69232.1	WP_015385571.1	44.5	173	88	3	1	166	438	609	4.12e-39	137
PVU69232.1	WP_230937936.1	41.4	181	91	4	1	168	230	408	1.15e-38	133
PVU69232.1	WP_230951401.1	41.4	181	91	4	1	168	283	461	2.51e-38	133
PVU69232.1	WP_015385866.1	42.3	163	85	2	1	163	239	392	8.83e-36	125
PVU69232.1	WP_011278504.1	42.3	163	85	2	1	163	247	400	9.94e-36	125
PVU69234.1	WP_011278598.1	26.9	130	81	4	1	124	1	122	1.38e-08	47.4
PVU69234.1	WP_015385763.1	27.9	129	81	4	3	130	6	123	1.13e-08	47.4
PVU69235.1	WP_011278689.1	43.2	74	38	2	11	83	2	72	1.14e-08	44.7
PVU69243.1	WP_011278495.1	26.5	196	132	6	1	196	1	184	5.33e-06	46.6
PVU69243.1	WP_230949640.1	26.5	196	132	6	1	196	1	184	2.02e-06	46.6
PVU69244.1	WP_011278746.1	31.4	338	218	7	7	338	8	337	3.33e-35	131
PVU69244.1	WP_058692946.1	31.4	338	218	7	7	338	8	337	5.05e-35	131
PVU69244.1	WP_062087721.1	31.4	338	218	7	7	338	8	337	5.27e-35	131
PVU69244.1	WP_062406575.1	31.4	338	218	7	7	338	8	337	3.49e-35	131
PVU69244.1	WP_062088690.1	31.4	338	218	7	7	338	8	337	4.91e-35	131
PVU69244.1	WP_062488539.1	31.4	338	218	7	7	338	8	337	4.98e-35	131
PVU69244.1	WP_061997301.1	31.4	338	218	7	7	338	8	337	5.05e-35	131
PVU69244.1	WP_061952167.1	31.4	338	218	7	7	338	8	337	2.98e-35	131
PVU69244.1	WP_061960521.1	31.4	338	218	7	7	338	8	337	5.19e-35	131
PVU69244.1	WP_062420059.1	31.4	338	218	7	7	338	8	337	3.44e-35	131
PVU69244.1	WP_061961119.1	31.4	338	218	7	7	338	8	337	3.33e-35	131
PVU69244.1	WP_062094627.1	31.4	338	218	7	7	338	8	337	1.02e-35	131
PVU69244.1	WP_062156831.1	31.4	338	218	7	7	338	8	337	3.33e-35	131
PVU69244.1	WP_062095597.1	31.4	338	218	7	7	338	8	337	3.08e-35	131
PVU69244.1	WP_061980095.1	31.4	338	218	7	7	338	8	337	3.13e-35	131
PVU69244.1	WP_062509848.1	31.4	338	218	7	7	338	8	337	3.54e-35	131
PVU69244.1	WP_062421193.1	31.4	338	218	7	7	338	8	337	4.84e-35	131
PVU69244.1	WP_061997995.1	31.4	338	218	7	7	338	8	337	3.71e-35	131
PVU69244.1	WP_061992294.1	31.4	338	218	7	7	338	8	337	3.54e-35	131
PVU69244.1	WP_062110878.1	31.4	338	218	7	7	338	8	337	5.64e-35	131
PVU69244.1	WP_062111155.1	31.4	338	218	7	7	338	8	337	5.27e-35	131
PVU69244.1	WP_062513706.1	31.4	338	218	7	7	338	8	337	3.44e-35	131
PVU69244.1	WP_062368158.1	31.4	338	218	7	7	338	8	337	3.38e-35	131
PVU69244.1	WP_062164943.1	31.4	338	218	7	7	338	8	337	3.08e-35	131
PVU69244.1	WP_062003555.1	31.4	338	218	7	7	338	8	337	7.51e-35	131
PVU69244.1	WP_062369434.1	31.4	338	218	7	7	338	8	337	3.44e-35	131
PVU69244.1	WP_062428019.1	31.4	338	218	7	7	338	8	337	4.91e-35	131
PVU69244.1	WP_061997568.1	30.9	324	211	6	21	338	11	327	6.66e-35	131
PVU69244.1	WP_048054436.1	31.5	324	209	6	21	338	11	327	3.73e-34	128
PVU69244.1	WP_058692957.1	31.5	324	209	6	21	338	11	327	8.40e-34	128
PVU69244.1	WP_062087724.1	31.5	324	209	6	21	338	11	327	5.89e-34	128
PVU69244.1	WP_062406593.1	31.5	324	209	6	21	338	11	327	3.91e-34	128
PVU69244.1	WP_062088684.1	31.5	324	209	6	21	338	11	327	5.49e-34	128
PVU69244.1	WP_062488557.1	31.5	324	209	6	21	338	11	327	5.57e-34	128
PVU69244.1	WP_061997303.1	31.5	324	209	6	21	338	11	327	5.65e-34	128
PVU69244.1	WP_061952179.1	31.5	324	209	6	21	338	11	327	3.33e-34	128
PVU69244.1	WP_062414751.1	31.5	324	209	6	21	338	11	327	3.39e-34	128
PVU69244.1	WP_062094622.1	31.5	324	209	6	21	338	11	327	5.42e-34	128
PVU69244.1	WP_062095593.1	31.5	324	209	6	21	338	11	327	3.44e-34	128
PVU69244.1	WP_061980103.1	31.5	324	209	6	21	338	11	327	3.50e-34	128
PVU69244.1	WP_062509853.1	31.5	324	209	6	21	338	11	327	3.97e-34	128
PVU69244.1	WP_061980403.1	31.5	324	209	6	21	338	11	327	5.26e-34	128
PVU69244.1	WP_230952242.1	31.5	324	209	6	21	338	11	327	5.81e-34	128
PVU69244.1	WP_061992264.1	31.5	324	209	6	21	338	11	327	4.48e-34	128
PVU69244.1	WP_062511519.1	31.5	324	209	6	21	338	11	327	3.73e-34	128
PVU69244.1	WP_062110880.1	31.5	324	209	6	21	338	11	327	6.31e-34	128
PVU69244.1	WP_062512040.1	31.5	324	209	6	21	338	11	327	3.97e-34	128
PVU69244.1	WP_062111163.1	31.5	324	209	6	21	338	11	327	5.89e-34	128
PVU69244.1	WP_062513712.1	31.5	324	209	6	21	338	11	327	3.84e-34	128
PVU69244.1	WP_062368159.1	31.5	324	209	6	21	338	11	327	3.79e-34	128
PVU69244.1	WP_061998005.1	31.5	324	209	6	21	338	11	327	4.15e-34	128
PVU69244.1	WP_230951982.1	31.5	324	209	6	21	338	11	327	4.82e-34	128
PVU69244.1	WP_062369437.1	31.5	324	209	6	21	338	11	327	3.84e-34	128
PVU69244.1	WP_062428036.1	31.5	324	209	6	21	338	11	327	5.49e-34	128
PVU69244.1	WP_198362313.1	31.2	324	210	6	21	338	11	327	9.76e-34	127
PVU69247.1	WP_011277947.1	46.7	107	55	1	2	106	4	110	8.75e-25	87.8
PVU69248.1	WP_011277062.1	70.1	281	83	1	1	280	1	281	7.48e-139	390
PVU69249.1	WP_011278139.1	70.3	232	68	1	4	234	2	233	1.79e-114	324
PVU69250.1	WP_015385593.1	30.5	476	297	12	7	461	4	466	3.03e-46	164
PVU69256.1	WP_011278278.1	57.1	224	96	0	1	224	684	907	8.05e-82	258
PVU69256.1	WP_081096542.1	57.1	224	96	0	1	224	670	893	6.69e-82	258
PVU69256.1	WP_062414723.1	57.1	224	96	0	1	224	684	907	1.12e-81	258
PVU69257.1	WP_011278277.1	62.5	200	72	2	1	199	1	198	2.87e-86	251
PVU69257.1	WP_015385617.1	62.6	190	68	2	11	199	2	189	2.70e-82	240
PVU69258.1	WP_011278191.1	52.6	249	117	1	1	249	1	248	2.10e-95	277
PVU69259.1	WP_011278192.1	77.1	415	95	0	1	415	1	415	1.06e-239	656
PVU69260.1	WP_011278193.1	73.5	344	89	2	1	343	1	343	3.65e-190	525
PVU69261.1	WP_011278194.1	74.8	135	34	0	1	135	1	135	4.06e-71	206
PVU69261.1	WP_062111139.1	61.2	165	34	1	1	135	1	165	1.89e-64	191
PVU69262.1	WP_011278195.1	78.4	125	25	2	2	125	310	433	1.87e-60	188
PVU69267.1	WP_015385615.1	45.1	113	58	1	1	109	18	130	1.92e-30	107
PVU69271.1	WP_015385782.1	54.2	83	38	0	1	83	481	563	2.21e-31	112
PVU69272.1	WP_015385782.1	60.9	115	40	3	1	110	363	477	1.50e-40	138
PVU69277.1	WP_011278871.1	40.0	90	43	5	25	113	8	87	1.27e-09	48.5
PVU69278.1	WP_011279048.1	55.8	493	206	5	1	482	1	492	3.10e-190	537
PVU69280.1	WP_157727262.1	32.9	82	51	1	25	102	25	106	5.83e-06	43.9
PVU69280.1	WP_011278663.1	32.9	82	51	1	25	102	22	103	5.80e-06	43.9
PVU69282.1	WP_011279049.1	60.0	250	91	3	1	241	1	250	1.35e-111	318
PVU69292.1	WP_015385615.1	45.1	113	58	1	1	109	18	130	1.92e-30	107
PVU69293.1	WP_011279070.1	26.8	354	216	12	7	321	11	360	4.19e-23	96.3
PVU69294.1	WP_011278855.1	29.3	82	53	2	3	79	37	118	9.47e-06	42.4
PVU69295.1	WP_011278977.1	23.0	409	235	15	13	381	13	381	9.62e-04	38.5
PVU69296.1	WP_088922594.1	100	14	0	0	8	21	1	14	1.74e-04	32.0
PVU69296.1	WP_088922596.1	100	14	0	0	8	21	1	14	1.74e-04	32.0
PVU69312.1	WP_011277253.1	45.9	37	20	0	84	120	11	47	5.04e-05	37.7
PVU69313.1	WP_011277150.1	49.1	228	107	3	71	290	70	296	3.19e-72	222
PVU69314.1	WP_015385572.1	31.5	445	291	3	12	451	13	448	5.02e-64	212
PVU69315.1	WP_011278502.1	43.0	79	45	0	1	79	13	91	1.89e-20	75.1
PVU69315.1	WP_061992286.1	43.0	79	45	0	1	79	13	91	1.84e-20	75.1
PVU69315.1	WP_061961102.1	43.4	76	43	0	1	76	13	88	3.00e-18	69.7
PVU69317.1	WP_061992180.1	33.7	86	51	3	4	87	11	92	7.66e-07	40.4
PVU69317.1	WP_015385437.1	30.5	59	38	1	29	87	34	89	1.93e-05	37.0
PVU69318.1	WP_015385692.1	32.9	73	39	3	10	82	51	113	8.52e-09	46.6
PVU69331.1	WP_011278752.1	41.2	68	40	0	3	70	7	74	9.42e-11	49.3
PVU69332.1	WP_011278785.1	31.5	127	84	2	4	127	3	129	1.14e-17	70.9
PVU69333.1	WP_011278955.1	57.1	35	12	1	3	34	2	36	2.12e-06	45.4
PVU69333.1	WP_011277932.1	24.7	393	187	18	1	371	1	306	7.48e-06	44.3
PVU69335.1	WP_011278754.1	32.2	121	69	3	10	126	11	122	7.54e-12	57.4
PVU69351.1	WP_011277378.1	25.0	108	79	2	3	109	2	108	1.47e-09	49.3
PVU69352.1	WP_011277379.1	50.0	68	31	1	7	71	3	70	2.64e-10	48.9
PVU69353.1	WP_196489078.1	40.0	120	67	3	37	155	1	116	7.21e-19	74.3
PVU69353.1	WP_081093958.1	41.6	113	61	3	44	155	1	109	3.37e-18	72.4
PVU69353.1	WP_269113159.1	40.0	120	67	3	37	155	4	119	4.33e-18	72.4
PVU69353.1	WP_011277143.1	40.4	114	63	3	43	155	13	122	9.25e-18	71.6
PVU69353.1	WP_015385809.1	41.8	110	63	1	38	147	27	135	1.45e-17	71.6
PVU69353.1	WP_061997252.1	41.8	110	63	1	38	147	5	113	8.59e-18	71.6
PVU69353.1	WP_176586673.1	40.4	114	63	3	43	155	8	117	8.18e-18	71.6
PVU69353.1	WP_269138268.1	38.5	122	70	3	35	155	1	118	8.38e-18	71.6
PVU69353.1	WP_269112910.1	40.4	114	63	3	43	155	13	122	9.25e-18	71.6
PVU69353.1	WP_196490863.1	41.4	111	60	3	46	155	13	119	1.71e-17	70.9
PVU69353.1	WP_062421928.1	41.0	105	61	1	43	147	2	105	1.54e-16	68.2
PVU69354.1	WP_011277049.1	25.7	222	137	10	40	239	49	264	2.61e-11	61.2
PVU69354.1	WP_062421148.1	25.7	222	137	10	40	239	49	264	2.61e-11	61.2
PVU69354.1	WP_011278714.1	39.8	88	46	3	43	128	2	84	8.59e-10	55.5
PVU69355.1	WP_015385526.1	27.0	174	101	8	14	170	59	223	5.70e-07	47.4
PVU69355.1	WP_011277820.1	27.0	174	101	8	14	170	31	195	5.48e-07	47.4
PVU69355.1	WP_015385693.1	25.2	135	98	3	7	139	8	141	8.62e-06	43.5
PVU69355.1	WP_088899919.1	25.2	135	98	3	7	139	8	141	8.62e-06	43.5
PVU69373.1	WP_011278936.1	34.5	444	258	9	9	441	7	428	9.07e-85	263
PVU69374.1	WP_011278003.1	43.4	226	108	3	5	230	4	209	3.30e-63	193
PVU69375.1	WP_011278330.1	45.6	375	200	2	23	394	24	397	1.56e-119	350
PVU69375.1	WP_062414726.1	42.0	407	200	3	23	394	24	429	1.34e-112	333
PVU69375.1	WP_062111143.1	41.1	416	200	3	23	394	24	438	2.84e-111	330
PVU69375.1	WP_062420051.1	43.2	375	190	3	23	394	24	378	7.12e-108	319
PVU69376.1	WP_011278855.1	33.3	411	249	8	27	420	16	418	3.05e-73	234
PVU69377.1	WP_011278856.1	28.9	166	114	4	5	168	4	167	6.34e-15	65.9
PVU69377.1	WP_230949822.1	29.4	163	111	4	8	168	2	162	8.05e-15	65.5
PVU69378.1	WP_011278968.1	40.3	191	106	5	7	192	9	196	1.53e-42	139
PVU69378.1	WP_015385902.1	39.8	191	107	5	7	192	9	196	1.22e-41	137
PVU69395.1	WP_011277938.1	43.1	371	191	7	1	359	1	363	4.35e-98	292
PVU69395.1	WP_061997541.1	42.9	371	192	7	1	359	1	363	9.89e-97	289
PVU69396.1	WP_011279044.1	41.5	176	94	3	11	180	13	185	1.02e-33	115
PVU69397.1	WP_230937968.1	59.5	407	157	4	1	405	1	401	9.93e-178	498
PVU69399.1	WP_011278610.1	30.6	301	180	11	389	662	335	633	1.33e-28	118
PVU69399.1	WP_015385772.1	30.2	232	149	4	448	666	251	482	9.46e-27	111
PVU69421.1	WP_061992252.1	67.3	52	15	1	1	50	1	52	5.40e-21	75.5
PVU69421.1	WP_062164332.1	67.3	52	15	1	1	50	1	52	7.16e-21	75.5
PVU69421.1	WP_088912504.1	67.3	52	15	1	1	50	1	52	2.81e-21	75.5
PVU69422.1	WP_011277181.1	25.9	667	361	25	15	572	43	685	4.86e-42	159
PVU69423.1	WP_011277369.1	83.7	104	17	0	1	104	1	104	6.47e-67	193
PVU69424.1	WP_015385827.1	57.2	194	80	2	3	193	2	195	1.48e-78	230
PVU69425.1	WP_011277367.1	61.2	317	119	2	1	316	1	314	5.09e-139	393
PVU69427.1	WP_011277366.1	66.9	142	47	0	1	142	1	142	3.47e-62	184
PVU69431.1	WP_088899932.1	50.7	152	72	2	67	217	103	252	2.23e-51	164
PVU69431.1	WP_011278555.1	52.0	152	71	2	68	217	53	204	6.52e-51	162
PVU69431.1	WP_015385793.1	58.0	143	57	2	76	215	56	198	1.23e-49	157
PVU69432.1	WP_011279049.1	35.3	119	55	3	88	193	103	212	5.03e-10	54.7
PVU69434.1	WP_011278499.1	46.0	215	109	4	4	212	5	218	1.29e-55	174
PVU69435.1	WP_011279045.1	32.5	231	147	3	5	233	18	241	7.70e-28	103
PVU69463.1	WP_011278688.1	32.7	312	181	11	2	294	3	304	1.15e-36	130
PVU69464.1	WP_011278684.1	27.6	272	152	12	18	253	25	287	1.60e-18	80.1
PVU69464.1	WP_062423180.1	27.6	272	152	12	18	253	18	280	1.46e-18	80.1
PVU69483.1	WP_011277031.1	47.9	96	47	2	5	99	100	193	1.58e-24	89.0
PVU69484.1	WP_011277030.1	65.2	155	54	0	1	155	1	155	1.47e-78	227
PVU69485.1	WP_011277029.1	74.1	220	57	0	2	221	3	222	3.40e-126	353
PVU69486.1	WP_011277755.1	58.9	387	153	3	5	391	4	384	5.49e-169	476
PVU69487.1	WP_011277027.1	92.3	52	4	0	3	54	2	53	2.63e-30	97.4
PVU69488.1	WP_011277026.1	70.0	240	72	0	1	240	1	240	5.33e-128	359
PVU69489.1	WP_011277025.1	62.3	61	23	0	1	61	1	61	3.10e-25	85.5
PVU69490.1	WP_011277024.1	59.6	356	141	3	5	360	6	358	6.23e-158	444
PVU69491.1	WP_011277028.1	79.0	124	26	0	4	127	2	125	8.54e-67	195
PVU69491.1	WP_062164889.1	72.6	135	26	1	4	127	2	136	2.74e-63	186
PVU69492.1	WP_015385353.1	67.4	562	177	1	1	562	26	581	2.80e-274	757
PVU69492.1	WP_062512007.1	67.3	562	178	1	1	562	26	581	3.97e-274	756
PVU69512.1	WP_011278675.1	67.7	130	42	0	312	441	140	269	7.38e-54	178
PVU69512.1	WP_061991849.1	67.7	130	42	0	312	441	175	304	1.96e-53	178
PVU69512.1	WP_061960481.1	67.7	130	42	0	312	441	168	297	1.62e-53	178
PVU69512.1	WP_061972194.1	67.7	130	42	0	312	441	208	337	4.72e-53	178
PVU69512.1	WP_272585103.1	67.7	130	42	0	312	441	210	339	4.97e-53	178
PVU69512.1	WP_062368145.1	67.2	128	42	0	314	441	57	184	8.71e-54	175
PVU69512.1	WP_062423484.1	67.2	128	42	0	314	441	165	292	2.11e-52	175
PVU69512.1	WP_062164941.1	67.2	128	42	0	314	441	168	295	2.29e-52	175
PVU69513.1	WP_015385849.1	40.4	621	266	12	7	607	1	537	1.71e-136	407
PVU69518.1	WP_015385615.1	53.3	122	53	1	9	126	9	130	1.61e-36	123
PVU69519.1	WP_230937914.1	40.0	280	130	6	1	278	1	244	3.06e-29	108
PVU69519.1	WP_011278930.1	45.0	280	134	6	1	278	1	262	8.78e-29	107
PVU69519.1	WP_230955547.1	43.6	280	141	6	1	278	1	265	9.34e-29	107
PVU69519.1	WP_230950235.1	43.6	280	142	6	1	278	1	266	9.54e-29	107
PVU69519.1	WP_230949789.1	45.2	281	140	6	1	278	1	270	1.03e-28	107
PVU69519.1	WP_230952336.1	46.6	296	129	6	1	278	1	285	1.98e-26	102
PVU69519.1	WP_230952768.1	46.3	296	130	6	1	278	1	285	2.75e-26	101
PVU69519.1	WP_230952008.1	46.5	297	129	6	1	278	1	286	2.80e-26	101
PVU69519.1	WP_237267179.1	41.8	122	69	2	159	278	174	295	2.35e-25	99.4
PVU69519.1	WP_230950269.1	41.8	122	69	2	159	278	46	167	1.53e-26	99.4
PVU69519.1	WP_230949666.1	41.8	122	69	2	159	278	28	149	9.52e-27	99.4
PVU69519.1	WP_230952879.1	41.8	122	69	2	159	278	174	295	2.35e-25	99.4
PVU69570.1	WP_011277900.1	39.3	326	169	9	222	527	316	632	2.33e-63	215
PVU69570.1	WP_015385571.1	39.2	324	179	6	222	528	288	610	4.14e-60	206
PVU69570.1	WP_015385866.1	39.2	311	168	8	228	524	89	392	1.34e-61	205
PVU69570.1	WP_011278504.1	39.2	311	168	8	228	524	97	400	1.64e-61	205
PVU69572.1	WP_338057621.1	26.1	138	98	2	138	275	69	202	3.78e-04	38.9
PVU69572.1	WP_338107999.1	26.1	138	98	2	138	275	53	186	3.63e-04	38.9
PVU69572.1	WP_011278928.1	27.4	164	113	5	47	206	33	194	5.63e-04	38.5
PVU69580.1	WP_011278955.1	32.7	156	75	3	2	156	1	127	1.04e-07	48.5
PVU69591.1	WP_011278918.1	37.0	810	487	10	25	814	20	826	1.04e-164	498
PVU69595.1	WP_011278571.1	36.4	187	110	3	35	213	242	427	1.79e-27	107
PVU69612.1	WP_011278736.1	41.9	136	75	2	1	132	2	137	4.20e-33	110
PVU69617.1	WP_011278977.1	26.4	254	169	4	2	238	11	263	9.22e-10	57.4
PVU69617.1	WP_062406591.1	26.4	254	169	4	2	238	11	263	9.22e-10	57.4
PVU69617.1	WP_062500428.1	26.4	254	169	4	2	238	11	263	8.88e-10	57.4
PVU69617.1	WP_230955569.1	26.4	254	169	4	2	238	11	263	6.12e-10	57.4
PVU69617.1	WP_061961044.1	26.4	254	169	4	2	238	11	263	9.09e-10	57.4
PVU69617.1	WP_230951084.1	26.4	254	169	4	2	238	11	263	6.68e-10	57.4
PVU69617.1	WP_155641638.1	26.4	254	169	4	2	238	11	263	6.22e-10	57.4
PVU69617.1	WP_061980400.1	26.4	254	169	4	2	238	11	263	8.99e-10	57.4
PVU69617.1	WP_155641704.1	26.4	254	169	4	2	238	11	263	6.16e-10	57.4
PVU69617.1	WP_062510616.1	26.4	254	169	4	2	238	11	263	9.13e-10	57.4
PVU69617.1	WP_230952881.1	26.4	254	169	4	2	238	11	263	5.77e-10	57.4
PVU69617.1	WP_155642851.1	26.4	254	169	4	2	238	11	263	6.04e-10	57.4
PVU69617.1	WP_230950289.1	26.4	254	169	4	2	238	11	263	6.44e-10	57.4
PVU69617.1	WP_230951533.1	26.4	254	169	4	2	238	11	263	6.16e-10	57.4
PVU69617.1	WP_155642964.1	26.4	254	169	4	2	238	11	263	6.04e-10	57.4
PVU69617.1	WP_061997570.1	26.4	254	169	4	2	238	11	263	8.94e-10	57.4
PVU69617.1	WP_088922927.1	26.4	254	169	4	2	238	11	263	9.22e-10	57.4
PVU69633.1	WP_011277365.1	76.9	195	45	0	1	195	20	214	1.76e-103	294
PVU69633.1	WP_048054385.1	76.9	195	45	0	1	195	12	206	1.34e-103	294
PVU69634.1	WP_011277364.1	88.2	380	45	0	1	380	1	380	2.11e-261	708
PVU69635.1	WP_011277363.1	61.4	132	51	0	4	135	27	158	2.94e-25	91.7
PVU69636.1	WP_011278528.1	27.6	232	124	8	1	219	1	201	3.28e-17	74.7
PVU69637.1	WP_048054420.1	72.4	239	66	0	1	239	1	239	2.00e-124	350
PVU69638.1	WP_011277360.1	70.4	115	34	0	1	115	1	115	1.25e-54	163
PVU69639.1	WP_015385431.1	67.6	68	21	1	1	67	1	68	6.83e-27	90.1
PVU69640.1	WP_011277358.1	83.0	294	46	2	1	291	1	293	1.85e-179	494
PVU69641.1	WP_011277357.1	53.2	188	84	2	1	186	1	186	1.25e-72	214
PVU69642.1	WP_011277355.1	54.7	172	76	1	1	172	15	184	3.16e-62	187
PVU69643.1	WP_011277354.1	59.4	192	77	1	2	193	3	193	2.53e-80	235
PVU69644.1	WP_011277353.1	35.9	117	71	1	10	122	71	187	2.19e-26	95.1
PVU69644.1	WP_015385429.1	35.9	117	71	1	10	122	76	192	2.44e-26	95.1
PVU69645.1	WP_011277362.1	71.6	183	52	0	1	183	1	183	2.80e-92	264
PVU69663.1	WP_370685265.1	88.6	351	40	0	1	351	109	459	1.11e-232	637
PVU69663.1	WP_015385631.1	88.6	351	40	0	1	351	110	460	1.15e-232	637
PVU69664.1	WP_011278365.1	69.4	209	64	0	1	209	1	209	2.23e-98	281
PVU69665.1	WP_015385632.1	68.0	50	16	0	1	50	1	50	6.56e-17	63.5
PVU69666.1	WP_011278367.1	79.2	101	21	0	1	101	1	101	7.48e-42	130
PVU69667.1	WP_011278368.1	77.1	484	110	1	1	484	1	483	1.70e-289	788
PVU69668.1	WP_011278369.1	86.3	95	13	0	1	95	1	95	8.93e-63	182
PVU69669.1	WP_011278370.1	89.3	335	36	0	1	335	1	335	5.81e-218	594
PVU69670.1	WP_011278371.1	73.5	200	53	0	1	200	1	200	1.20e-108	306
PVU69671.1	WP_011278372.1	78.9	507	106	1	1	507	1	506	1.80e-292	797
PVU69672.1	WP_011278373.1	73.0	141	38	0	3	143	2	142	1.75e-76	221
PVU69673.1	WP_011278374.1	83.1	332	56	0	1	332	1	332	4.43e-204	559
PVU69674.1	WP_011278375.1	61.4	70	27	0	1	70	62	131	2.50e-28	95.5
PVU69697.1	WP_015385615.1	45.1	113	58	1	1	109	18	130	1.92e-30	107
PVU69698.1	WP_011278619.1	48.9	266	104	3	1	264	1	236	7.73e-83	245
PVU69699.1	WP_011278618.1	50.1	525	251	6	1	516	1	523	1.23e-173	497
PVU69702.1	WP_011277534.1	80.5	415	81	0	1	415	1	415	1.49e-246	673
PVU69703.1	WP_015385870.1	46.0	315	167	2	2	316	22	333	5.45e-93	276
PVU69704.1	WP_011277985.1	61.7	522	192	5	1	518	1	518	8.43e-237	657
PVU69733.1	WP_011277515.1	67.9	28	9	0	1	28	201	228	5.25e-09	45.1
PVU69734.1	WP_011277514.1	74.9	195	47	2	1	193	1	195	4.90e-106	300
PVU69735.1	WP_011277513.1	66.3	406	128	5	1	398	1	405	2.81e-169	476
PVU69737.1	WP_011277496.1	66.8	241	79	1	1	241	1	240	4.57e-126	354
PVU69738.1	WP_015385460.1	89.6	737	77	0	1	737	1	737	0.0	1324
PVU69738.1	WP_062406494.1	87.7	737	77	1	1	737	1	723	0.0	1286
PVU69739.1	WP_011278018.1	67.0	330	105	3	1	330	1	326	1.53e-154	433
PVU69740.1	WP_011277498.1	62.9	237	79	1	1	237	1	228	3.63e-110	313
PVU69741.1	WP_011277499.1	80.9	115	22	0	1	115	1	115	1.03e-60	179
PVU69742.1	WP_011277500.1	58.4	77	32	0	1	77	1	77	2.12e-28	94.4
PVU69743.1	WP_230937987.1	42.9	154	80	3	1	148	17	168	7.06e-41	132
PVU69743.1	WP_015385461.1	42.9	154	80	3	1	148	15	166	6.67e-41	132
PVU69743.1	WP_230955858.1	42.9	154	80	3	1	148	16	167	6.86e-41	132
PVU69744.1	WP_011277502.1	84.3	70	11	0	1	70	1	70	1.26e-44	134
PVU69772.1	WP_011278494.1	35.2	176	110	3	8	179	7	182	1.64e-28	102
PVU69772.1	WP_015385653.1	35.2	176	110	3	8	179	7	182	1.64e-28	102
PVU69773.1	WP_230937944.1	33.8	133	84	3	14	145	17	146	1.74e-09	57.8
PVU69773.1	WP_230950933.1	33.8	133	84	3	14	145	17	146	1.74e-09	57.8
PVU69773.1	WP_230951102.1	33.1	133	85	3	14	145	17	146	5.25e-09	56.2
PVU69774.1	WP_011278661.1	28.9	121	77	4	280	391	680	800	7.62e-06	45.4
PVU69777.1	WP_061992246.1	56.4	179	57	3	1	158	1	179	6.78e-61	184
PVU69779.1	WP_011277249.1	26.3	358	229	9	3	350	4	336	4.00e-28	111
PVU69780.1	WP_011277868.1	47.2	322	157	3	4	324	394	703	6.02e-95	293
PVU69780.1	WP_011279059.1	46.2	325	161	5	1	323	428	740	4.92e-87	273
PVU69780.1	WP_011278913.1	44.3	325	169	4	1	324	407	720	1.21e-86	272
PVU69780.1	WP_062414746.1	44.2	326	171	5	1	324	407	723	1.37e-85	269
PVU69811.1	WP_011278609.1	27.0	74	54	0	38	111	14	87	2.52e-04	36.6
PVU69812.1	WP_011277533.1	70.9	302	88	0	1	302	1	302	7.24e-165	457
PVU69813.1	WP_011277532.1	93.4	61	4	0	1	61	1	61	9.21e-43	129
PVU69814.1	WP_048054423.1	71.2	233	67	0	1	233	1	233	2.04e-123	347
PVU69814.1	WP_230955554.1	72.3	213	59	0	1	213	7	219	3.94e-113	323
PVU69814.1	WP_062421858.1	66.3	240	74	1	1	233	1	240	2.88e-113	321
PVU69815.1	WP_015385466.1	74.6	351	87	2	1	349	1	351	1.76e-196	541
PVU69815.1	WP_062514621.1	74.4	351	88	2	1	349	1	351	5.03e-196	540
PVU69816.1	WP_011277529.1	80.3	636	118	3	3	637	2	631	0.0	1038
PVU69817.1	WP_062088665.1	68.1	426	136	0	1	426	1	426	9.72e-216	596
PVU69818.1	WP_062003544.1	56.0	166	54	3	7	153	117	282	5.09e-48	165
PVU69818.1	WP_062514607.1	56.0	166	54	3	7	153	117	282	3.76e-48	165
PVU69822.1	WP_011278768.1	88.1	109	12	1	1	108	1	109	2.67e-68	197
PVU69825.1	WP_011278757.1	69.2	78	24	0	4	81	5	82	5.40e-33	106
PVU69826.1	WP_058692945.1	57.2	138	56	2	1	135	1	138	7.18e-45	140
PVU69826.1	WP_011278758.1	57.7	137	55	2	1	134	1	137	1.02e-44	140
PVU69827.1	WP_011278550.1	58.8	696	272	8	1	685	1	692	1.30e-292	813
PVU69828.1	WP_015385796.1	44.5	1017	532	21	1	998	1	1004	1.28e-290	833
PVU69829.1	WP_011278864.1	30.1	73	50	1	38	110	111	182	9.28e-06	40.0
PVU69829.1	WP_011278082.1	27.8	54	39	0	45	98	48	101	7.31e-05	37.0
PVU69869.1	WP_011278459.1	24.2	99	74	1	39	136	48	146	4.79e-04	35.8
PVU69869.1	WP_015385572.1	21.4	98	77	0	39	136	51	148	4.81e-04	35.8
PVU69869.1	WP_011277918.1	29.7	91	60	2	47	136	58	145	8.56e-04	35.0
PVU69871.1	WP_011279067.1	46.6	309	154	6	2	300	4	311	4.03e-78	238
PVU69871.1	WP_062164878.1	46.6	309	154	6	2	300	4	311	5.97e-78	238
PVU69871.1	WP_061980409.1	46.0	313	158	6	2	304	4	315	8.31e-78	237
PVU69871.1	WP_230952577.1	46.4	308	154	6	2	299	4	310	2.69e-77	236
PVU69871.1	WP_061972209.1	46.7	304	151	6	2	295	4	306	1.62e-76	233
PVU69871.1	WP_081096765.1	46.7	285	141	6	2	276	4	287	1.39e-70	218
PVU69871.1	WP_208874081.1	46.5	284	141	6	2	275	4	286	4.28e-70	216
PVU69872.1	WP_011278880.1	78.8	468	99	0	1	468	1	468	5.41e-253	694
PVU69873.1	WP_011277212.1	37.9	494	269	14	3	467	2	486	4.65e-101	308
PVU69874.1	WP_015385789.1	38.6	70	32	2	5	71	5	66	3.17e-09	45.8
PVU69875.1	WP_011278980.1	28.1	128	76	6	2	121	10	129	1.05e-06	42.4
PVU69876.1	WP_011277791.1	34.6	324	177	10	29	319	41	362	3.48e-54	178
PVU69877.1	WP_011278525.1	73.1	186	49	1	1	185	1	186	1.13e-99	283
PVU69878.1	WP_306308646.1	61.2	67	26	0	1	67	1	67	4.23e-26	87.8
PVU69878.1	WP_011278524.1	59.1	66	27	0	2	67	1	66	6.84e-25	84.7
PVU69879.1	WP_011277290.1	48.6	745	352	9	12	738	50	781	2.26e-232	665
PVU69885.1	WP_011277253.1	51.4	37	18	0	129	165	11	47	3.34e-06	41.6
PVU69890.1	WP_011279068.1	47.5	158	83	0	3	160	2	159	1.63e-48	152
PVU69890.1	WP_062102603.1	48.3	149	77	0	12	160	2	150	1.88e-45	144
PVU69891.1	WP_011277232.1	65.2	141	47	2	1	140	1	140	1.46e-64	190
PVU69893.1	WP_011277914.1	52.1	169	70	4	2	168	125	284	8.45e-50	159
PVU69897.1	WP_011277253.1	31.5	73	48	2	7	78	9	80	7.48e-08	42.4
PVU69945.1	WP_011278982.1	22.6	159	117	4	3	159	5	159	1.97e-06	43.5
PVU69945.1	WP_230955548.1	26.6	109	77	3	3	109	5	112	1.16e-06	42.7
PVU69945.1	WP_230960804.1	26.6	109	77	3	3	109	5	112	1.11e-06	42.7
PVU69945.1	WP_230952359.1	26.6	109	77	3	3	109	5	112	1.14e-06	42.7
PVU69945.1	WP_062513721.1	26.6	109	77	3	3	109	5	112	3.52e-06	42.7
PVU69945.1	WP_230950272.1	26.6	109	77	3	3	109	5	112	1.09e-06	42.7
PVU69945.1	WP_230951580.1	26.6	109	77	3	3	109	5	112	1.07e-06	42.7
PVU69951.1	WP_011278737.1	61.7	60	23	0	3	62	2	61	1.32e-21	76.6
PVU69952.1	WP_011277378.1	29.8	121	79	2	1	116	1	120	5.40e-15	63.2
PVU69953.1	WP_011277064.1	42.5	87	46	3	73	159	192	274	1.94e-09	53.9
PVU69954.1	WP_011278849.1	50.8	59	29	0	114	172	13	71	6.68e-14	61.2
PVU70000.1	WP_011278672.1	30.3	287	183	8	1	277	1	280	5.26e-34	122
PVU70008.1	WP_011278996.1	31.9	254	161	5	4	249	405	654	2.34e-33	124
PVU70008.1	WP_338141082.1	34.8	204	124	4	4	202	28	227	4.93e-31	114
PVU70009.1	WP_062512007.1	55.7	503	222	1	32	534	6	507	6.55e-202	573
PVU70009.1	WP_015385353.1	55.7	503	222	1	32	534	6	507	9.28e-202	573
PVU70010.1	WP_011277305.1	72.4	76	21	0	1	76	1	76	4.55e-40	124
PVU70011.1	WP_011277304.1	78.6	117	22	1	1	114	1	117	2.54e-61	181
PVU70012.1	WP_011279055.1	46.6	131	68	1	1	131	1	129	7.92e-45	140
PVU70013.1	WP_011277248.1	68.8	77	24	0	1	77	1	77	8.39e-35	110
PVU70014.1	WP_011277249.1	83.8	383	62	0	2	384	3	385	1.10e-251	684
PVU70015.1	WP_011277250.1	70.6	126	35	1	1	124	1	126	5.23e-60	177
PVU70016.1	WP_011277251.1	44.3	375	134	2	1	373	1	302	1.15e-108	318
PVU70017.1	WP_015385408.1	66.5	284	95	0	1	284	1	284	2.39e-141	397
PVU70017.1	WP_062406480.1	66.2	284	96	0	1	284	1	284	9.69e-141	395
PVU70018.1	WP_011277302.1	71.1	121	35	0	1	121	1	121	2.72e-67	196
PVU70020.1	WP_011279056.1	67.5	464	150	1	1	463	1	464	2.70e-232	641
PVU70026.1	WP_011278947.1	66.7	39	13	0	29	67	273	311	1.95e-13	60.5
PVU70037.1	WP_011277931.1	39.7	390	223	7	1	383	1	385	5.42e-84	259
PVU70170.1	WP_015385498.1	64.3	370	130	2	1	369	1	369	4.69e-185	514
PVU70171.1	WP_015385497.1	49.7	471	224	6	1	465	1	464	5.86e-156	447
PVU70172.1	WP_011277657.1	59.0	549	224	1	1	548	1	549	1.49e-248	689
PVU70172.1	WP_088899908.1	58.8	549	225	1	1	548	1	549	4.27e-248	688
PVU70173.1	WP_015385496.1	47.1	85	44	1	1	84	1	85	2.87e-26	89.7
PVU70174.1	WP_011277656.1	52.7	220	97	3	1	213	1	220	1.63e-81	239
PVU70174.1	WP_062110865.1	52.3	220	98	3	1	213	1	220	1.33e-80	237
PVU70175.1	WP_011277655.1	58.6	292	117	3	1	290	1	290	1.03e-118	340
PVU70176.1	WP_011277654.1	71.9	420	117	1	9	427	1	420	3.04e-220	607
PVU70177.1	WP_011277653.1	79.8	336	68	0	1	336	1	336	9.50e-201	551
PVU70178.1	WP_015385495.1	48.6	220	112	1	4	223	1	219	8.77e-65	197
PVU70178.1	WP_088899907.1	48.2	220	113	1	4	223	1	219	7.09e-64	195
PVU70179.1	WP_080504006.1	74.4	352	89	1	1	352	1	351	8.07e-189	522
PVU70180.1	WP_011277648.1	89.5	484	51	0	9	492	290	773	1.01e-309	851
PVU70180.1	WP_048054425.1	89.5	484	51	0	9	492	286	769	8.80e-310	851
PVU70180.1	WP_420876638.1	89.0	484	53	0	9	492	290	773	9.59e-308	846
PVU70180.1	WP_062160032.1	83.5	515	51	2	9	492	286	797	4.11e-298	822
PVU70180.1	WP_062512016.1	79.9	541	52	2	9	492	286	826	3.72e-296	818
PVU70180.1	WP_062513661.1	78.9	549	51	2	9	492	286	834	1.40e-295	817
PVU70180.1	WP_062087686.1	79.3	545	52	2	9	492	286	830	3.48e-295	816
PVU70180.1	WP_062510594.1	84.5	484	51	1	9	492	286	745	4.68e-287	792
PVU70182.1	WP_011277652.1	47.1	410	212	4	1	405	1	410	2.46e-130	378
PVU70183.1	WP_011277649.1	72.5	69	18	1	2	70	3	70	3.28e-34	108
PVU70192.1	WP_011277900.1	34.6	425	237	11	166	568	228	633	5.39e-61	210
PVU70192.1	WP_015385571.1	33.3	420	243	10	166	563	201	605	1.29e-58	203
PVU70192.1	WP_015385866.1	33.3	411	221	14	169	563	18	391	6.47e-58	196
PVU70192.1	WP_011278504.1	33.3	411	221	14	169	563	26	399	7.87e-58	196
PVU70193.1	WP_011278955.1	32.3	161	75	4	2	162	1	127	3.61e-08	50.1
PVU70195.1	WP_011277900.1	31.2	613	343	21	89	653	51	632	6.68e-65	223
PVU70195.1	WP_015385866.1	36.1	366	195	9	303	650	48	392	1.07e-64	216
PVU70195.1	WP_011278504.1	36.1	366	195	9	303	650	56	400	1.32e-64	216
PVU70195.1	WP_015385571.1	29.1	611	361	17	110	653	4	609	1.68e-57	202
PVU70197.1	WP_015385415.1	30.4	253	144	11	157	399	212	442	8.69e-19	84.7
PVU70197.1	WP_238698306.1	31.9	216	124	9	188	399	16	212	2.82e-19	82.8
PVU70210.1	WP_011278855.1	29.3	82	53	2	3	79	37	118	2.52e-05	42.4
PVU70211.1	WP_011278408.1	23.7	375	227	14	46	403	42	374	3.19e-23	97.4
PVU70212.1	WP_011278692.1	30.2	381	229	15	29	374	36	414	5.91e-40	143
PVU70213.1	WP_011277931.1	33.6	402	253	4	1	397	1	393	3.73e-69	221
PVU70214.1	WP_011276939.1	31.0	239	133	9	13	237	16	236	3.75e-20	84.3
PVU70215.1	WP_011278646.1	26.2	679	419	21	7	632	15	664	1.57e-56	200
PVU70215.1	WP_011277868.1	28.8	715	395	25	7	645	22	698	5.25e-56	199
PVU70215.1	WP_011279059.1	25.9	723	425	22	7	637	23	726	8.96e-56	199
PVU70216.1	WP_011278408.1	24.6	398	244	12	31	424	25	370	1.36e-22	95.9
PVU70217.1	WP_011277931.1	32.8	375	234	9	24	385	33	402	1.65e-63	206
PVU70221.1	WP_088922594.1	100	14	0	0	8	21	1	14	1.74e-04	32.0
PVU70221.1	WP_088922596.1	100	14	0	0	8	21	1	14	1.74e-04	32.0
PVU70222.1	WP_011278977.1	23.0	409	235	15	13	381	13	381	9.62e-04	38.5
PVU70230.1	WP_011277575.1	85.9	297	42	0	1	297	830	1126	2.25e-185	537
PVU70230.1	WP_058692931.1	85.9	297	42	0	1	297	830	1126	2.25e-185	537
PVU70231.1	WP_011277574.1	84.8	880	134	0	1	880	1	880	0.0	1558
PVU70231.1	WP_061961069.1	81.1	920	134	1	1	880	1	920	0.0	1538
PVU70231.1	WP_208874092.1	81.7	906	140	1	1	880	1	906	0.0	1526
PVU70232.1	WP_011277573.1	79.6	393	79	1	1	392	1	393	5.53e-226	619
PVU70233.1	WP_011277572.1	70.4	98	29	0	6	103	4	101	8.08e-50	150
PVU70234.1	WP_011277571.1	79.0	143	30	0	1	143	1	143	9.07e-81	231
PVU70235.1	WP_011277570.1	96.6	147	5	0	1	147	1	147	1.70e-96	271
PVU70236.1	WP_011277569.1	72.7	161	44	0	1	161	1	161	3.17e-86	247
PVU70237.1	WP_011277568.1	86.6	194	26	0	1	194	2	195	3.24e-124	345
PVU70238.1	WP_011277567.1	88.5	435	50	0	1	435	1	435	8.48e-293	792
PVU70238.1	WP_015385836.1	88.5	435	50	0	1	435	1	435	3.45e-292	790
PVU70239.1	WP_011277566.1	87.3	102	13	0	1	102	1	102	1.32e-65	190
PVU70240.1	WP_011277533.1	46.6	294	148	6	5	290	6	298	1.53e-89	266
PVU70243.1	WP_062088565.1	47.3	201	101	4	1	199	1	198	1.06e-54	170
PVU70243.1	WP_061992191.1	44.4	189	96	5	1	188	1	181	3.56e-48	153
PVU70245.1	WP_062088537.1	42.9	98	47	2	3	100	2	90	2.00e-24	85.9
PVU70250.1	WP_011278077.1	56.7	67	29	0	88	154	100	166	1.09e-22	85.5
PVU70429.1	WP_011278273.1	39.6	91	51	1	2	88	10	100	3.64e-18	74.3
PVU70431.1	WP_011277274.1	58.5	65	25	2	1	63	2	66	6.67e-20	72.0
PVU70431.1	WP_081094179.1	67.3	49	15	1	1	48	2	50	8.32e-19	70.1
PVU70432.1	WP_011277275.1	65.3	118	41	0	1	118	1	118	3.14e-56	167
PVU70432.1	WP_062111121.1	51.7	149	41	1	1	118	1	149	2.04e-49	151
PVU70433.1	WP_011278008.1	31.3	230	139	9	1	218	1	223	4.06e-25	95.5
PVU70434.1	WP_011278574.1	28.2	174	116	3	1	172	1	167	2.56e-12	58.9
PVU70435.1	WP_011278573.1	61.0	313	118	3	1	309	1	313	1.93e-136	386
PVU70436.1	WP_011278571.1	49.4	486	231	5	7	489	2	475	3.29e-146	424
PVU70437.1	WP_011278570.1	52.7	330	151	1	11	335	23	352	7.70e-118	341
PVU70438.1	WP_011278568.1	61.7	716	256	8	20	730	16	718	3.56e-314	874
PVU70438.1	WP_062110876.1	61.7	716	256	8	20	730	16	718	7.16e-314	874
PVU70438.1	WP_088899916.1	61.6	716	257	8	20	730	16	718	2.89e-313	872
PVU70438.1	WP_062423186.1	56.8	770	267	9	20	730	16	778	4.22e-298	836
PVU70439.1	WP_011278569.1	33.7	380	233	13	19	387	22	393	4.78e-53	178
PVU70440.1	WP_011278528.1	58.6	220	87	3	1	219	1	217	2.08e-97	280
PVU70441.1	WP_011277214.1	68.2	336	106	1	1	336	1	335	1.46e-177	492
PVU70443.1	WP_011278554.1	47.3	319	162	4	3	317	2	318	5.13e-79	243
PVU70445.1	WP_011278572.1	61.8	314	119	1	7	319	10	323	6.93e-139	393
PVU70458.1	WP_062488540.1	60.1	311	114	3	1	304	1	308	1.49e-127	363
PVU70458.1	WP_015385676.1	60.1	311	114	3	1	304	1	308	4.25e-127	362
PVU70458.1	WP_058692896.1	59.8	311	115	3	1	304	1	308	6.97e-126	359
PVU70459.1	WP_015385677.1	66.5	266	89	0	5	270	2	267	2.09e-124	352
PVU70460.1	WP_011277158.1	69.8	526	157	2	3	528	2	525	3.08e-296	808
PVU70461.1	WP_011278983.1	46.1	128	57	4	1	119	1	125	1.84e-25	90.1
PVU70461.1	WP_011277144.1	42.7	117	59	1	2	110	4	120	4.05e-22	81.6
PVU70462.1	WP_015385809.1	54.6	108	49	0	9	116	32	139	2.82e-36	118
PVU70462.1	WP_061997252.1	54.6	108	49	0	9	116	10	117	1.49e-36	118
PVU70462.1	WP_062421928.1	54.6	108	49	0	9	116	2	109	1.17e-36	118
PVU70465.1	WP_011277319.1	62.2	325	114	6	1	318	1	323	2.87e-135	384
PVU70465.1	WP_061997964.1	61.8	325	115	6	1	318	1	323	1.16e-134	382
PVU70466.1	WP_011277444.1	34.6	263	156	6	5	264	3	252	5.57e-30	110
PVU70467.1	WP_015385888.1	46.8	440	232	2	2	441	4	441	1.28e-138	402
PVU70471.1	WP_015385414.1	73.9	276	67	1	1	271	1	276	6.01e-152	422
PVU70471.1	WP_062514630.1	73.6	276	68	1	1	271	1	276	7.00e-151	419
PVU70472.1	WP_062088556.1	38.5	104	59	2	4	102	41	144	7.31e-17	68.2
PVU70473.1	WP_009992236.1	49.1	55	28	0	2	56	5	59	8.19e-16	65.1
PVU70474.1	WP_015385413.1	65.1	215	74	1	1	214	1	215	2.26e-101	290
PVU70474.1	WP_230950964.1	57.6	243	74	2	1	214	1	243	4.95e-95	275
PVU70487.1	WP_176586700.1	40.4	57	30	2	4	60	5	57	4.00e-07	40.4
PVU70488.1	WP_011278759.1	23.1	108	66	3	1	101	4	101	5.09e-04	34.7
PVU70488.1	WP_062110879.1	25.7	113	76	3	1	113	8	112	5.93e-04	34.3
PVU70489.1	WP_011278924.1	27.7	379	216	16	50	387	62	423	2.43e-17	80.1
PVU70489.1	WP_011279070.1	27.2	294	172	11	7	260	11	302	8.26e-17	78.6
PVU70490.1	WP_011278457.1	30.5	394	214	17	1	357	4	374	1.47e-36	133
PVU70490.1	WP_011278926.1	28.3	406	230	13	5	365	19	408	6.62e-36	132
PVU70491.1	WP_015385703.1	71.9	295	80	2	1	293	1	294	3.91e-155	432
PVU70492.1	WP_011278692.1	72.0	415	114	2	1	413	1	415	1.54e-215	595
PVU70493.1	WP_011278692.1	27.0	404	256	14	15	388	21	415	3.37e-33	125
PVU70494.1	WP_011279069.1	47.6	523	245	12	5	505	6	521	9.56e-156	452
PVU70495.1	WP_232463160.1	29.1	220	137	5	10	214	7	222	4.98e-19	79.7
PVU70495.1	WP_015385775.1	29.1	220	137	5	10	214	7	222	9.61e-19	79.0
PVU70495.1	WP_238698311.1	29.1	220	137	5	10	214	7	222	9.61e-19	79.0
PVU70495.1	WP_015385900.1	29.2	216	134	5	14	214	3	214	1.62e-18	78.2
PVU70496.1	WP_011278969.1	33.0	345	217	9	6	343	3	340	2.02e-33	128
PVU70496.1	WP_015385787.1	32.8	345	218	9	6	343	3	340	7.05e-33	127
PVU70497.1	WP_011278926.1	70.6	411	118	2	1	408	1	411	2.03e-221	609
PVU70498.1	WP_011278924.1	69.4	431	130	2	1	430	1	430	1.33e-217	601
PVU70499.1	WP_011278923.1	68.6	280	86	2	3	282	4	281	3.95e-137	385
PVU70499.1	WP_061952174.1	68.2	280	87	2	3	282	4	281	6.50e-136	382
PVU70509.1	WP_015385514.1	44.9	78	42	1	6	83	8	84	7.70e-17	66.6
PVU70510.1	WP_011277933.1	34.2	79	49	1	3	81	4	79	6.37e-12	54.3
PVU70511.1	WP_011277910.1	50.6	486	229	6	12	493	7	485	1.07e-147	430
PVU70513.1	WP_015385687.1	29.0	252	133	9	319	534	73	314	3.46e-14	71.2
PVU70513.1	WP_230937938.1	29.0	252	133	9	319	534	74	315	3.50e-14	71.2
PVU70514.1	WP_011277065.1	49.8	225	105	5	1	225	1	217	3.02e-69	209
PVU70515.1	WP_011278003.1	52.6	213	96	2	1	212	1	209	2.07e-79	233
PVU70516.1	WP_011278936.1	67.7	427	135	1	1	424	5	431	3.48e-221	610
PVU70517.1	WP_015385780.1	67.0	352	114	1	1	352	1	350	1.09e-179	499
PVU70517.1	WP_011278937.1	66.9	338	110	1	15	352	1	336	6.23e-171	476
PVU70519.1	WP_011278932.1	72.4	442	120	2	1	440	1	442	9.28e-248	679
PVU70520.1	WP_230937913.1	66.2	151	51	0	1	151	6	156	2.69e-76	221
PVU70520.1	WP_238698312.1	66.2	151	51	0	1	151	1	151	2.28e-76	221
PVU70521.1	WP_011278302.1	33.0	106	66	4	71	175	14	115	9.87e-08	50.1
PVU70521.1	WP_048054384.1	23.1	347	207	15	71	392	4	315	1.98e-07	49.3
PVU70521.1	WP_011277214.1	28.0	168	107	5	73	238	32	187	6.00e-07	47.8
PVU70522.1	WP_015385692.1	39.6	96	56	2	45	139	8	102	8.07e-21	80.5
PVU70535.1	WP_011278619.1	40.2	87	46	3	3	84	17	102	1.05e-08	47.0
PVU70539.1	WP_015385400.1	35.7	115	65	3	69	174	5	119	2.45e-10	54.7
PVU70539.1	WP_011277333.1	28.9	142	74	5	46	176	5	130	2.44e-09	52.0
PVU70539.1	WP_011278325.1	27.6	123	84	2	129	250	182	300	3.54e-08	50.8
PVU70541.1	WP_011278781.1	26.8	127	86	1	7	126	8	134	3.72e-09	48.9
PVU70543.1	WP_011278752.1	53.4	73	33	1	1	72	1	73	4.65e-19	70.5
PVU70544.1	WP_011277887.1	69.4	431	125	5	22	449	3	429	2.70e-224	619
PVU70544.1	WP_230951549.1	69.7	423	121	5	22	441	3	421	1.79e-220	611
PVU70544.1	WP_208874091.1	64.6	463	125	6	22	449	3	461	2.97e-217	602
PVU70544.1	WP_061972165.1	64.3	465	125	6	22	449	3	463	6.42e-217	602
PVU70544.1	WP_062414711.1	69.7	409	117	5	22	427	3	407	2.33e-214	593
PVU70545.1	WP_062414747.1	24.4	164	119	2	3	162	1	163	5.78e-16	69.3
PVU70553.1	WP_011278424.1	24.2	314	193	14	40	343	69	347	3.09e-07	48.9
PVU70553.1	WP_015385643.1	26.9	242	142	9	76	308	77	292	6.14e-07	47.4
PVU70553.1	WP_061980085.1	24.4	295	181	13	40	324	69	331	9.59e-07	47.4
PVU70553.1	WP_230952831.1	24.4	295	181	13	40	324	69	331	6.47e-07	47.4
PVU70553.1	WP_230952292.1	24.4	295	181	13	40	324	69	331	6.41e-07	47.4
PVU70553.1	WP_062512032.1	24.4	295	181	13	40	324	69	331	9.50e-07	47.4
PVU70553.1	WP_230952331.1	24.4	295	181	13	40	324	69	331	6.53e-07	47.4
PVU70553.1	WP_061997559.1	24.4	295	181	13	40	324	69	331	9.55e-07	47.4
PVU70553.1	WP_062428015.1	24.4	295	181	13	40	324	69	331	9.56e-07	47.4
PVU70553.1	WP_011277308.1	22.2	239	154	6	63	292	46	261	1.06e-06	46.6
PVU70553.1	WP_062422563.1	24.4	291	178	13	40	320	69	327	2.93e-06	45.8
PVU70553.1	WP_015385473.1	23.4	321	198	13	21	328	5	290	2.48e-06	45.4
PVU70557.1	WP_011279101.1	33.3	96	60	3	6	101	8	99	1.04e-06	41.2
PVU70557.1	WP_230937903.1	33.3	96	60	3	6	101	1	92	9.20e-07	41.2
PVU70561.1	WP_011278969.1	22.3	381	261	11	81	447	85	444	5.63e-06	45.4
PVU70561.1	WP_015385787.1	22.3	381	261	11	81	447	85	444	5.63e-06	45.4
PVU70561.1	WP_011277346.1	21.4	401	287	12	14	405	3	384	9.14e-05	41.6
PVU70561.1	WP_058692933.1	21.4	401	287	12	14	405	3	384	9.14e-05	41.6
PVU70588.1	WP_015385355.1	72.7	139	38	0	1	139	1	139	1.97e-46	144
PVU70589.1	WP_011277038.1	60.4	212	83	1	3	213	2	213	8.76e-97	278
PVU70590.1	WP_176586698.1	76.5	102	24	0	8	109	2	103	8.19e-55	163
PVU70591.1	WP_011277039.1	59.2	392	155	5	3	391	4	393	4.79e-163	460
PVU70592.1	WP_011278515.1	63.5	318	114	1	62	377	60	377	6.07e-149	423
PVU70593.1	WP_015385358.1	61.7	266	102	0	1	266	1	266	4.98e-115	328
PVU70594.1	WP_015385815.1	40.7	108	63	1	1	108	1	107	7.85e-26	90.1
PVU70595.1	WP_011277042.1	72.8	228	62	0	1	228	1	228	1.42e-119	337
PVU70596.1	WP_011277043.1	55.5	173	75	2	6	176	1	173	5.47e-66	197
PVU70597.1	WP_011277044.1	36.7	518	322	3	5	518	6	521	1.96e-94	294
PVU70598.1	WP_015385360.1	61.8	314	119	1	9	322	6	318	1.19e-152	428
PVU70600.1	WP_011277047.1	76.7	438	102	0	1	438	1	438	7.29e-252	689
PVU70600.1	WP_176586670.1	76.7	438	102	0	1	438	9	446	9.80e-252	689
PVU70601.1	WP_011277048.1	66.2	198	67	0	1	198	1	198	6.05e-101	287
PVU70602.1	WP_062421148.1	47.2	417	199	7	15	421	17	422	1.92e-116	344
PVU70602.1	WP_011277049.1	47.0	417	200	7	15	421	17	422	7.69e-116	342
PVU70604.1	WP_011277224.1	74.0	661	172	0	1	661	1	661	0.0	1034
PVU70607.1	WP_011278047.1	35.2	616	362	14	3	591	2	607	3.54e-108	335
PVU70608.1	WP_230951106.1	56.2	555	235	3	5	556	6	555	7.02e-199	566
PVU70608.1	WP_015385362.1	56.2	553	234	3	7	556	1	548	2.86e-195	564
PVU70609.1	WP_011277034.1	52.8	231	108	1	1	231	1	230	8.88e-96	276
PVU70609.1	WP_088922921.1	52.8	231	108	1	1	231	1	230	9.50e-96	276
PVU70610.1	WP_011277035.1	52.2	115	55	0	1	115	21	135	2.56e-39	125
PVU70610.1	WP_088922922.1	51.3	115	56	0	1	115	21	135	1.04e-38	124
PVU70611.1	WP_011277037.1	53.1	81	34	1	1	77	1	81	3.57e-22	79.0
PVU70626.1	WP_011277587.1	74.8	329	83	0	1	329	1	329	9.93e-175	489
PVU70627.1	WP_011277588.1	80.5	334	64	1	2	335	1	333	4.25e-203	556
PVU70628.1	WP_011277589.1	81.6	347	64	0	2	348	3	349	9.31e-212	580
PVU70629.1	WP_011277590.1	77.2	337	77	0	1	337	1	337	7.24e-192	528
PVU70630.1	WP_011277591.1	86.9	466	61	0	1	466	1	466	4.46e-304	823
PVU70631.1	WP_176586678.1	64.9	268	94	0	3	270	9	276	4.95e-126	357
PVU70631.1	WP_080504004.1	64.0	264	95	0	7	270	1	264	5.90e-122	346
PVU70632.1	WP_011277594.1	77.5	404	91	0	1	404	1	404	4.87e-228	625
PVU70633.1	WP_011277595.1	71.9	171	46	1	1	169	1	171	1.95e-93	266
PVU70633.1	WP_147127840.1	71.9	171	46	1	1	169	1	171	1.95e-93	266
PVU70634.1	WP_011277596.1	92.1	316	25	0	7	322	6	321	9.23e-210	572
PVU70635.1	WP_011277597.1	49.7	157	75	2	15	168	10	165	1.02e-53	165
PVU70635.1	WP_015385837.1	49.7	157	75	2	15	168	21	176	1.44e-53	165
PVU70636.1	WP_015385477.1	65.7	335	110	2	4	335	5	337	7.50e-164	457
PVU70636.1	WP_062511459.1	65.4	335	111	2	4	335	5	337	6.13e-163	455
PVU70637.1	WP_011277599.1	62.0	184	69	1	1	184	1	183	1.03e-74	219
PVU70638.1	WP_011277600.1	60.6	277	109	0	1	277	1	277	2.56e-132	373
PVU70639.1	WP_011277601.1	74.3	171	44	0	1	171	1	171	7.46e-96	272
PVU70640.1	WP_015385370.1	33.2	286	172	5	14	284	21	302	3.14e-38	134
PVU70640.1	WP_062421845.1	33.2	286	172	5	14	284	21	302	3.14e-38	134
PVU70641.1	WP_011277602.1	53.6	179	76	3	1	179	1	172	1.05e-62	189
PVU70642.1	WP_011277603.1	72.0	396	111	0	1	396	1	396	2.91e-216	595
PVU70644.1	WP_011277606.1	41.7	108	57	2	8	114	9	111	1.02e-26	92.8
PVU70646.1	WP_011277607.1	68.8	80	25	0	1	80	1	80	6.46e-39	122
PVU70647.1	WP_011277608.1	68.9	254	75	2	2	251	4	257	4.28e-126	355
PVU70648.1	WP_011277609.1	74.1	58	15	0	1	58	1	58	5.84e-25	84.3
PVU70649.1	WP_011277611.1	73.5	83	22	0	1	83	1	83	3.25e-37	117
PVU70649.1	WP_147127841.1	72.3	83	23	0	1	83	1	83	2.67e-36	114
PVU70650.1	WP_420834781.1	50.7	428	203	5	7	427	1	427	9.14e-153	437
PVU70651.1	WP_011277558.1	79.9	374	75	0	1	374	1	374	3.11e-224	622
PVU70652.1	WP_011277592.1	73.2	310	83	0	1	310	12	321	1.86e-169	470
PVU70666.1	WP_176586704.1	23.5	447	263	22	51	422	89	531	3.67e-10	58.9
PVU70669.1	WP_011278565.1	70.8	431	119	2	6	429	2	432	1.56e-231	637
PVU70670.1	WP_011277238.1	28.8	674	433	18	2	633	259	927	2.56e-69	240
PVU70670.1	WP_176586666.1	28.8	674	433	18	2	633	261	929	2.60e-69	240
PVU70670.1	WP_196489133.1	28.8	674	433	18	2	633	261	929	2.60e-69	240
PVU70675.1	WP_011278692.1	27.0	378	241	14	12	368	50	413	3.00e-27	108
PVU70675.1	WP_232463147.1	27.3	359	226	14	31	368	5	349	3.96e-25	101
PVU70676.1	WP_011278692.1	28.1	398	237	13	4	359	23	413	9.90e-45	155
PVU70676.1	WP_232463147.1	29.9	355	203	12	44	359	2	349	1.54e-41	145
PVU70678.1	WP_011278692.1	27.8	407	256	14	12	391	18	413	7.92e-36	132
PVU70679.1	WP_011278692.1	40.4	413	237	6	1	404	1	413	3.13e-95	288
PVU70679.1	WP_232463147.1	42.1	349	194	5	64	404	1	349	5.09e-86	263
PVU70682.1	WP_011278095.1	36.4	209	118	4	8	204	13	218	3.46e-40	135
PVU70683.1	WP_011277238.1	26.9	283	181	8	1	257	645	927	6.15e-16	74.3
PVU70683.1	WP_176586666.1	26.9	283	181	8	1	257	647	929	6.16e-16	74.3
PVU70683.1	WP_196489133.1	26.9	283	181	8	1	257	647	929	6.16e-16	74.3
PVU70684.1	WP_011278565.1	70.8	431	119	2	6	429	2	432	1.56e-231	637
PVU70687.1	WP_176586704.1	23.5	447	263	22	51	422	89	531	3.67e-10	58.9
PVU70702.1	WP_011277492.1	53.5	256	111	3	1	255	1	249	4.89e-84	248
PVU70703.1	WP_011277491.1	74.3	343	87	1	1	343	1	342	2.46e-197	543
PVU70704.1	WP_011277490.1	74.2	264	68	0	1	264	1	264	4.26e-146	407
PVU70705.1	WP_011277489.1	78.0	82	18	0	1	82	1	82	9.80e-43	130
PVU70706.1	WP_011277488.1	81.9	238	43	0	1	238	1	238	6.00e-146	404
PVU70707.1	WP_011277487.1	85.0	140	21	0	1	140	1	140	1.37e-85	243
PVU70708.1	WP_011277486.1	78.2	156	34	0	1	156	1	156	5.16e-92	261
PVU70709.1	WP_011277485.1	81.7	224	41	0	1	224	1	224	5.83e-131	365
PVU70710.1	WP_011277484.1	66.7	69	23	0	1	69	1	69	1.02e-25	87.0
PVU70711.1	WP_015385459.1	44.3	79	44	0	1	79	1	79	3.85e-25	86.3
PVU70711.1	WP_338057601.1	43.0	79	45	0	1	79	13	91	1.52e-24	85.1
PVU70711.1	WP_306308641.1	44.6	74	41	0	1	74	13	86	2.16e-24	84.7
PVU70711.1	WP_230937988.1	43.7	71	40	0	9	79	2	72	7.15e-22	77.8
PVU70712.1	WP_015385458.1	78.8	113	24	0	1	113	1	113	3.29e-67	195
PVU70712.1	WP_147127838.1	77.9	113	25	0	1	113	1	113	2.71e-66	192
PVU70713.1	WP_011277481.1	86.2	138	19	0	1	138	1	138	6.33e-90	254
PVU70714.1	WP_011277480.1	78.3	129	28	0	1	129	1	129	4.59e-70	204
PVU70715.1	WP_011277479.1	73.3	243	65	0	1	243	1	243	4.81e-132	369
PVU70716.1	WP_011277478.1	78.7	178	38	0	1	178	1	178	5.36e-99	280
PVU70717.1	WP_011277475.1	76.3	186	44	0	1	186	1	186	1.68e-99	282
PVU70718.1	WP_011277473.1	60.0	150	60	0	1	150	1	150	4.61e-59	177
PVU70719.1	WP_011277472.1	77.6	196	44	0	1	196	1	196	2.47e-111	313
PVU70720.1	WP_011277471.1	80.2	212	42	0	1	212	1	212	7.35e-128	356
PVU70721.1	WP_011277469.1	79.9	144	29	0	1	144	1	144	1.06e-84	241
PVU70722.1	WP_011277468.1	75.2	464	114	1	1	464	1	463	7.27e-253	693
PVU70723.1	WP_011277465.1	72.1	86	24	0	1	86	1	86	1.02e-46	141
PVU70724.1	WP_011277464.1	68.8	173	54	0	1	173	1	173	1.44e-86	249
PVU70725.1	WP_011277463.1	94.8	77	4	0	1	77	1	77	3.93e-49	146
PVU70726.1	WP_011277462.1	59.8	256	102	1	7	261	5	260	1.49e-96	281
PVU70727.1	WP_011277459.1	77.7	139	31	0	1	139	1	139	6.63e-72	209
PVU70728.1	WP_011277458.1	54.5	176	80	0	3	178	2	177	2.86e-68	202
PVU70729.1	WP_011278634.1	54.8	210	94	1	5	213	4	213	1.43e-83	244
PVU70730.1	WP_011277680.1	69.8	182	54	1	3	183	6	187	2.45e-89	256
PVU70731.1	WP_015385501.1	68.5	235	74	0	10	244	1	235	6.10e-125	351
PVU70732.1	WP_015385502.1	77.1	83	19	0	1	83	2	84	5.33e-48	145
PVU70733.1	WP_011277682.1	83.3	96	16	0	1	96	1	96	1.00e-55	164
PVU70734.1	WP_011277683.1	67.6	910	293	1	1	908	1	910	0.0	1251
PVU70735.1	WP_230949767.1	43.1	267	151	1	35	301	15	280	2.63e-71	226
PVU70735.1	WP_015385503.1	43.2	266	150	1	36	301	43	307	6.65e-71	226
PVU70736.1	WP_011277477.1	88.9	54	6	0	1	54	1	54	6.03e-36	111
PVU70737.1	WP_011277476.1	82.7	133	23	0	1	133	1	133	8.75e-81	231
PVU70738.1	WP_370685261.1	60.7	112	44	0	24	135	5	116	4.73e-48	147
PVU70738.1	WP_011277474.1	60.7	112	44	0	24	135	19	130	7.29e-48	147
PVU70739.1	WP_011277470.1	63.4	153	56	0	4	156	4	156	1.18e-73	214
PVU70740.1	WP_011277467.1	82.9	193	33	0	1	193	1	193	1.89e-109	308
PVU70741.1	WP_015385456.1	58.3	144	60	0	1	144	1	144	3.85e-50	154
PVU70742.1	WP_011278635.1	68.4	393	123	1	1	392	1	393	3.30e-206	570
PVU70742.1	WP_062406562.1	68.2	390	123	1	4	392	3	392	3.02e-204	565
PVU70770.1	WP_088922596.1	92.8	194	14	0	1	194	1	194	3.40e-128	355
PVU70770.1	WP_088922594.1	91.8	194	16	0	1	194	1	194	1.14e-126	352
PVU70773.1	WP_015385585.1	46.8	62	30	1	3	61	4	65	4.95e-13	54.7
PVU70774.1	WP_011278106.1	70.1	231	66	1	1	228	1	231	2.08e-126	354
PVU70775.1	WP_011278107.1	75.3	150	37	0	1	150	1	150	3.29e-85	244
PVU70776.1	WP_011278109.1	61.6	320	123	0	1	320	2	321	3.03e-151	424
PVU70777.1	WP_011278111.1	74.9	338	84	1	1	338	1	337	6.90e-190	523
PVU70778.1	WP_080504015.1	80.7	280	53	1	1	280	1	279	1.14e-166	460
PVU70778.1	WP_081093991.1	80.7	280	53	1	1	280	1	279	3.26e-166	459
PVU70779.1	WP_011278113.1	44.1	347	178	8	6	343	6	345	1.82e-82	251
PVU70780.1	WP_061952148.1	73.4	751	199	1	1	750	1	751	0.0	1120
PVU70780.1	WP_062110871.1	73.2	751	200	1	1	750	1	751	0.0	1120
PVU70780.1	WP_011278118.1	73.2	751	200	1	1	750	1	751	0.0	1118
PVU70781.1	WP_011277169.1	78.6	56	12	0	1	56	1	56	4.54e-32	102
PVU70782.1	WP_011278119.1	72.2	263	73	0	1	263	1	263	2.80e-138	387
PVU70783.1	WP_011278120.1	74.2	66	17	0	1	66	1	66	1.66e-36	114
PVU70783.1	WP_062512631.1	73.8	65	17	0	1	65	1	65	1.91e-35	111
PVU70784.1	WP_011278121.1	89.5	95	10	0	1	95	1	95	1.01e-59	174
PVU70785.1	WP_011278122.1	49.7	147	72	2	5	150	2	147	1.14e-40	130
PVU70786.1	WP_011278123.1	58.7	322	110	5	1	299	1	322	8.73e-130	369
PVU70787.1	WP_011278124.1	65.3	245	85	0	1	245	1	245	2.46e-123	347
PVU70788.1	WP_011278125.1	74.0	254	66	0	1	254	1	254	1.43e-138	387
PVU70789.1	WP_011278126.1	74.9	291	72	1	1	290	1	291	1.60e-153	427
PVU70790.1	WP_011278127.1	60.7	303	116	3	1	302	1	301	6.63e-133	376
PVU70791.1	WP_011278128.1	69.7	290	88	0	1	290	1	290	3.48e-153	427
PVU70792.1	WP_011278129.1	65.3	144	50	0	1	144	1	144	6.03e-66	194
PVU70792.1	WP_062110872.1	65.6	131	45	0	14	144	14	144	1.49e-59	178
PVU70792.1	WP_062500484.1	64.9	131	46	0	14	144	5	135	3.19e-59	177
PVU70793.1	WP_257719739.1	69.9	166	50	0	1	166	13	178	2.27e-81	235
PVU70794.1	WP_011278131.1	64.1	195	69	1	1	194	1	195	5.96e-95	271
PVU70795.1	WP_011278132.1	61.1	414	159	2	2	414	3	415	1.13e-194	542
PVU70795.1	WP_061980461.1	61.3	413	158	2	2	413	3	414	2.65e-194	541
PVU70797.1	WP_080504016.1	76.1	243	57	1	4	245	5	247	1.19e-136	381
PVU70798.1	WP_011278137.1	66.7	228	75	1	1	227	1	228	5.19e-112	317
PVU70799.1	WP_011278138.1	35.9	131	74	5	1	129	1	123	3.64e-08	46.2
PVU70800.1	WP_011278924.1	26.7	363	221	13	50	375	62	416	2.97e-21	91.7
PVU70800.1	WP_011279070.1	26.0	381	235	13	1	334	1	381	1.67e-18	83.6
PVU70801.1	WP_015385586.1	76.7	549	119	5	1	540	1	549	0.0	879
PVU70802.1	WP_011278110.1	55.2	239	105	2	1	238	1	238	3.86e-91	265
PVU70803.1	WP_011278134.1	68.1	69	22	0	1	69	1	69	1.50e-36	114
PVU70804.1	WP_011278133.1	66.2	195	65	1	2	195	8	202	7.88e-89	256
PVU70804.1	WP_015385591.1	66.2	195	65	1	2	195	8	202	1.59e-88	256
PVU70804.1	WP_062500487.1	63.1	195	63	2	2	195	8	194	4.20e-82	239
PVU70804.1	WP_062427982.1	62.6	195	64	2	2	195	8	194	4.87e-81	236
PVU70804.1	WP_062423479.1	61.5	195	70	2	2	195	8	198	5.26e-79	231
PVU70805.1	WP_148149029.1	68.9	61	18	1	1	61	1	60	2.46e-23	82.0
PVU70805.1	WP_081096386.1	68.5	54	17	0	1	54	1	54	1.97e-21	77.4
PVU70836.1	WP_011277454.1	59.7	335	131	4	1	332	1	334	7.80e-147	414
PVU70836.1	WP_062513646.1	59.7	335	131	4	1	332	1	334	1.03e-146	414
PVU70836.1	WP_155641693.1	59.9	332	129	4	1	329	1	331	1.48e-144	409
PVU70837.1	WP_011277453.1	73.9	333	86	1	1	332	1	333	3.74e-169	471
PVU70838.1	WP_011277452.1	60.0	145	57	1	1	145	1	144	2.95e-58	175
PVU70839.1	WP_011277451.1	65.3	352	119	3	1	349	1	352	1.84e-166	465
PVU70840.1	WP_011277450.1	62.0	287	106	3	1	284	1	287	3.24e-127	360
PVU70841.1	WP_011277449.1	82.7	452	78	0	1	452	1	452	9.90e-273	743
PVU70841.1	WP_062164337.1	82.5	452	79	0	1	452	1	452	4.02e-272	741
PVU70841.1	WP_062421853.1	76.3	452	90	1	1	452	1	435	7.67e-245	671
PVU70842.1	WP_011277448.1	65.5	148	51	0	1	148	1	148	2.02e-70	206
PVU70843.1	WP_011277447.1	58.9	474	191	3	1	471	1	473	3.61e-206	576
PVU70844.1	WP_011277446.1	79.3	188	39	0	1	188	1	188	3.10e-112	315
PVU70845.1	WP_011277445.1	68.0	278	87	2	1	276	1	278	4.11e-133	375
PVU70846.1	WP_011277444.1	83.2	262	43	1	1	262	1	261	4.01e-158	437
PVU70847.1	WP_011277443.1	66.9	151	50	0	1	151	1	151	5.94e-76	220
PVU70848.1	WP_011277442.1	67.6	179	58	0	2	180	16	194	6.29e-92	263
PVU70849.1	WP_011277441.1	78.8	198	42	0	3	200	1	198	4.91e-122	340
PVU70850.1	WP_011277440.1	73.2	321	84	1	8	328	3	321	2.69e-182	503
PVU70851.1	WP_011279015.1	30.5	154	98	4	1	154	1	145	8.16e-17	71.6
PVU70852.1	WP_011277186.1	62.3	220	83	0	1	220	1	220	6.05e-105	299
PVU70853.1	WP_011277185.1	67.5	372	121	0	1	372	1	372	4.12e-193	535
PVU70855.1	WP_015385395.1	64.4	219	78	0	1	219	2	220	1.85e-96	277
PVU70855.1	WP_011277184.1	63.9	219	79	0	1	219	2	220	7.50e-96	276
PVU70855.1	WP_015385822.1	63.9	219	79	0	1	219	2	220	1.51e-95	275
PVU70855.1	WP_058692935.1	63.9	219	79	0	1	219	2	220	4.32e-95	274
PVU70856.1	WP_011277183.1	57.6	323	134	2	1	322	2	322	2.31e-119	343
PVU70856.1	WP_088899904.1	57.3	323	135	2	1	322	2	322	1.88e-118	341
PVU70856.1	WP_015385821.1	57.3	323	135	2	1	322	2	322	3.77e-118	340
PVU70857.1	WP_011277181.1	71.6	705	199	1	1	704	1	705	0.0	1055
PVU70859.1	WP_048054382.1	83.8	517	84	0	6	522	3	519	0.0	891
PVU70859.1	WP_011277180.1	84.3	511	80	0	12	522	1	511	0.0	885
PVU70859.1	WP_062423158.1	79.0	547	85	1	6	522	3	549	0.0	874
PVU70859.1	WP_061960497.1	78.1	552	86	1	6	522	3	554	8.31e-320	869
PVU70860.1	WP_011277178.1	77.9	515	109	1	1	515	1	510	2.99e-300	817
PVU70861.1	WP_011277177.1	59.7	536	212	1	6	537	8	543	7.71e-227	634
PVU70861.1	WP_061952116.1	59.5	536	213	1	6	537	8	543	2.54e-225	630
PVU70862.1	WP_011277175.1	57.4	68	28	1	8	74	10	77	9.62e-18	68.6
PVU70863.1	WP_011277174.1	37.9	116	68	1	1	112	1	116	2.04e-18	72.0
PVU70864.1	WP_011277173.1	57.8	270	114	0	1	270	1	270	8.85e-109	313
PVU70865.1	WP_011277172.1	82.6	414	72	0	1	414	1	414	3.83e-258	702
PVU70866.1	WP_011277171.1	87.3	158	20	0	1	158	1	158	2.32e-97	275
PVU70867.1	WP_011277170.1	52.0	75	35	1	1	75	1	74	5.27e-16	63.2
PVU70868.1	WP_011277168.1	79.6	221	45	0	1	221	1	221	6.03e-133	370
PVU70870.1	WP_011277166.1	64.4	146	52	0	1	146	1	146	1.87e-71	208
PVU70871.1	WP_230937888.1	60.8	79	31	0	1	79	1	79	4.22e-34	109
PVU70872.1	WP_011277310.1	53.3	244	112	2	8	250	4	246	1.78e-80	239
PVU70873.1	WP_011277309.1	61.5	161	62	0	1	161	1	161	1.86e-71	209
PVU70874.1	WP_011277308.1	65.2	313	108	1	1	312	1	313	1.68e-148	417
PVU70875.1	WP_015385409.1	75.5	237	58	0	1	237	1	237	8.22e-134	374
PVU70876.1	WP_011277306.1	66.8	328	107	1	1	326	1	328	8.89e-146	411
PVU70877.1	WP_011277182.1	75.0	64	16	0	1	64	1	64	1.11e-30	99.4
PVU70878.1	WP_011277179.1	62.9	140	52	0	1	140	1	140	1.54e-60	182
PVU70879.1	WP_011277176.1	80.4	235	45	1	3	237	5	238	1.61e-136	380
PVU70880.1	WP_011277167.1	71.6	380	107	1	1	380	9	387	5.11e-208	573
PVU70880.1	WP_015385393.1	71.6	380	107	1	1	380	1	379	3.82e-208	573
PVU70910.1	WP_015385677.1	39.8	113	54	5	2	104	122	230	1.15e-12	59.7
PVU70911.1	WP_011279101.1	62.3	106	37	1	1	106	2	104	2.46e-44	137
PVU70911.1	WP_230937903.1	65.6	93	32	0	14	106	5	97	5.44e-42	130
PVU70912.1	WP_015385578.1	93.2	73	5	0	1	73	1	73	3.80e-45	136
PVU70913.1	WP_015385514.1	33.0	91	57	1	3	93	9	95	4.66e-13	57.0
PVU70913.1	WP_015385675.1	37.2	94	57	1	3	96	4	95	7.37e-13	56.6
PVU70913.1	WP_011278601.1	36.8	87	48	2	1	84	4	86	2.25e-11	52.4
PVU70913.1	WP_015385673.1	36.8	87	48	2	1	84	1	83	2.10e-11	52.4
PVU70914.1	WP_011278074.1	56.1	171	73	2	1	170	1	170	1.27e-68	203
PVU70917.1	WP_011277900.1	41.6	514	275	9	128	630	124	623	1.00e-129	392
PVU70920.1	WP_011278076.1	63.5	436	158	1	1	436	1	435	1.14e-210	585
PVU70920.1	WP_062421171.1	63.5	436	158	1	1	436	1	435	1.57e-210	585
PVU70921.1	WP_011278077.1	60.4	164	65	0	1	164	1	164	5.22e-72	211
PVU70922.1	WP_011278955.1	56.5	23	10	0	2	24	1	23	1.05e-04	40.0
PVU70922.1	WP_011277932.1	58.3	24	10	0	1	24	1	24	4.40e-04	38.5
PVU70923.1	WP_011278078.1	68.8	215	67	0	7	221	2	216	8.02e-112	316
PVU70924.1	WP_015385572.1	56.7	469	203	0	7	475	9	477	6.19e-185	522
PVU70925.1	WP_011278079.1	46.3	557	279	12	6	556	6	548	1.57e-145	427
PVU70925.1	WP_015385853.1	46.1	557	280	12	6	556	6	548	1.77e-144	425
PVU70927.1	WP_011278086.1	64.9	202	71	0	2	203	6	207	2.22e-90	261
PVU70929.1	WP_062088632.1	92.0	87	7	0	1	87	1	87	4.23e-58	171
PVU70929.1	WP_011278085.1	74.2	97	25	0	2	98	3	99	9.99e-52	155
PVU70930.1	WP_011278087.1	53.0	251	117	1	4	254	1	250	9.78e-86	253
PVU70930.1	WP_061997982.1	53.0	251	117	1	4	254	1	250	3.23e-85	253
PVU70930.1	WP_230952564.1	53.0	247	115	1	4	250	1	246	1.52e-84	251
PVU70930.1	WP_062406517.1	53.3	246	114	1	4	249	1	245	2.09e-84	250
PVU70930.1	WP_062102625.1	52.6	247	116	1	4	250	1	246	1.37e-84	250
PVU70930.1	WP_230952813.1	52.8	246	115	1	4	249	1	245	3.70e-84	249
PVU70930.1	WP_155642961.1	52.1	236	112	1	4	239	1	235	7.20e-80	238
PVU70930.1	WP_061991837.1	52.4	231	109	1	4	234	1	230	9.34e-79	234
PVU70930.1	WP_062420049.1	45.5	288	119	2	4	254	1	287	3.83e-76	229
PVU70931.1	WP_011278088.1	63.5	419	151	2	1	418	1	418	6.03e-194	541
PVU70931.1	WP_061991839.1	62.8	400	147	2	1	399	1	399	1.96e-182	511
PVU70931.1	WP_062111137.1	62.8	400	147	2	1	399	1	399	2.25e-182	511
PVU70931.1	WP_230950280.1	62.7	399	147	2	1	398	1	398	2.44e-181	508
PVU70931.1	WP_061997550.1	62.7	399	147	2	1	398	1	398	3.23e-181	508
PVU70931.1	WP_230955497.1	62.5	397	147	2	1	396	1	396	3.89e-179	503
PVU70931.1	WP_230955810.1	62.5	397	147	2	1	396	1	396	3.75e-179	503
PVU70931.1	WP_230949779.1	62.5	397	147	2	1	396	1	396	2.64e-179	503
PVU70931.1	WP_062421886.1	62.5	397	147	2	1	396	1	396	2.37e-179	503
PVU70931.1	WP_062368169.1	62.5	397	147	2	1	396	1	396	4.32e-179	503
PVU70931.1	WP_230951574.1	62.5	397	147	2	1	396	1	396	3.38e-179	503
PVU70931.1	WP_062110870.1	62.3	395	147	2	1	394	1	394	1.00e-177	499
PVU70931.1	WP_230951015.1	62.3	395	147	2	1	394	1	394	1.64e-177	499
PVU70931.1	WP_062500481.1	62.2	392	146	2	1	391	1	391	1.28e-176	496
PVU70931.1	WP_230951078.1	61.9	388	146	2	1	387	1	387	2.35e-173	487
PVU70932.1	WP_011278089.1	62.6	131	49	0	18	148	9	139	1.94e-59	178
PVU70937.1	WP_015385514.1	35.8	81	51	1	2	82	8	87	7.58e-10	48.5
PVU70938.1	WP_011278091.1	60.7	196	75	2	1	196	1	194	3.83e-80	234
PVU70938.1	WP_062423203.1	52.4	227	75	3	1	196	1	225	2.50e-73	218
PVU70939.1	WP_011278093.1	71.4	325	93	0	1	325	1	325	1.82e-174	483
PVU70940.1	WP_011278094.1	66.6	401	126	3	1	397	1	397	9.05e-193	536
PVU70941.1	WP_011278095.1	74.0	235	60	1	1	235	1	234	4.52e-129	361
PVU70942.1	WP_011278096.1	87.5	64	8	0	1	64	1	64	8.31e-39	119
PVU70943.1	WP_011278097.1	72.0	440	123	0	1	440	1	440	1.49e-248	681
PVU70944.1	WP_011278098.1	70.4	578	167	3	1	577	1	575	1.68e-314	859
PVU70945.1	WP_015385583.1	46.7	180	94	2	1	180	1	178	7.53e-47	149
PVU70946.1	WP_011277249.1	27.7	376	236	13	1	357	1	359	7.48e-32	121
PVU70947.1	WP_015385551.1	46.9	341	170	4	3	336	6	342	9.92e-95	282
PVU70948.1	WP_011277854.1	62.7	332	121	3	2	331	1	331	1.63e-145	410
PVU70950.1	WP_011277282.1	38.5	395	228	7	1	384	1	391	9.95e-74	232
PVU70951.1	WP_011278071.1	49.1	110	56	0	1	110	1	110	1.67e-31	105
PVU70952.1	WP_015385581.1	68.7	99	31	0	8	106	4	102	1.89e-48	147
PVU70953.1	WP_015385582.1	68.2	324	95	4	3	322	4	323	1.34e-149	420
PVU70981.1	WP_011277865.1	39.8	133	62	7	5	126	9	134	9.78e-16	65.9
PVU70981.1	WP_015385844.1	39.1	133	63	7	5	126	9	134	5.42e-15	63.9
PVU70983.1	WP_011277919.1	28.7	94	67	0	6	99	188	281	1.55e-07	44.7
PVU70983.1	WP_230937963.1	28.7	94	67	0	6	99	189	282	1.55e-07	44.7
PVU70984.1	WP_062510588.1	27.2	526	308	15	64	582	215	672	1.16e-31	129
PVU70984.1	WP_011277740.1	27.5	523	310	15	64	582	215	672	2.69e-31	127
PVU70985.1	WP_011277150.1	32.9	170	106	4	76	239	77	244	2.80e-22	91.7
PVU70987.1	WP_011278070.1	57.4	216	92	0	1	216	1	216	9.75e-94	270
PVU70988.1	WP_011278069.1	60.7	321	125	1	5	324	10	330	1.82e-129	370
PVU70989.1	WP_011278068.1	48.9	321	157	4	10	324	9	328	6.25e-104	305
PVU70990.1	WP_011278067.1	58.7	121	49	1	5	124	4	124	2.18e-43	135
PVU70991.1	WP_011278065.1	69.1	55	17	0	41	95	45	99	1.89e-21	78.2
PVU70992.1	WP_011277739.1	59.1	308	120	2	1	306	1	304	5.21e-124	354
PVU70993.1	WP_011278064.1	63.3	158	56	1	2	159	1	156	2.29e-61	184
PVU70993.1	WP_198362161.1	62.7	158	57	1	2	159	1	156	5.33e-60	180
PVU70994.1	WP_011278063.1	44.6	428	228	7	1	420	1	427	3.29e-130	379
PVU70994.1	WP_062512027.1	43.7	435	228	9	1	420	1	433	2.19e-124	364
PVU70995.1	WP_230937910.1	38.1	63	38	1	2	63	13	75	6.08e-04	34.7
PVU70996.1	WP_011278062.1	76.5	843	193	3	8	847	5	845	0.0	1358
PVU70996.1	WP_062368155.1	73.3	880	193	4	8	847	5	882	0.0	1340
PVU70996.1	WP_061980455.1	71.4	843	185	5	8	847	5	794	0.0	1238
PVU70997.1	WP_011278061.1	65.4	405	136	4	1	403	1	403	3.11e-199	553
PVU70998.1	WP_048054397.1	68.5	54	17	0	1	54	1	54	1.24e-22	78.2
PVU70998.1	WP_011278060.1	69.2	52	16	0	3	54	2	53	4.93e-22	76.6
PVU70999.1	WP_011278059.1	63.9	380	137	0	1	380	1	380	2.93e-170	477
PVU71000.1	WP_011278058.1	55.5	229	74	4	1	224	1	206	2.27e-71	213
PVU71001.1	WP_011278057.1	59.6	359	145	0	1	359	1	359	1.47e-153	433
PVU71002.1	WP_015385576.1	72.6	223	61	0	1	223	1	223	1.06e-127	357
PVU71003.1	WP_011278055.1	80.8	125	24	0	1	125	1	125	3.96e-74	213
PVU71003.1	WP_176586685.1	80.8	125	24	0	1	125	2	126	4.09e-74	213
PVU71004.1	WP_015385575.1	39.9	203	104	3	1	189	1	199	1.11e-46	149
PVU71005.1	WP_011278053.1	81.0	105	20	0	1	105	1	105	8.44e-59	173
PVU71006.1	WP_011278052.1	72.1	530	146	2	1	529	1	529	2.11e-276	759
PVU71007.1	WP_011278051.1	75.5	200	49	0	1	200	1	200	6.69e-122	340
PVU71008.1	WP_011278049.1	72.9	443	120	0	1	443	1	443	3.03e-258	705
PVU71009.1	WP_011278048.1	75.7	415	101	0	4	418	3	417	1.11e-233	641
PVU71010.1	WP_011278047.1	63.9	620	216	3	1	618	1	614	1.28e-311	855
PVU71011.1	WP_011278046.1	64.5	611	214	3	1	609	1	610	4.25e-307	843
PVU71012.1	WP_011278045.1	60.2	246	98	0	2	247	25	270	4.51e-110	315
PVU71014.1	WP_048054396.1	65.9	126	43	0	1	126	1	126	9.81e-61	179
PVU71014.1	WP_011278044.1	66.1	124	42	0	3	126	2	125	2.72e-60	178
PVU71015.1	WP_011278043.1	69.6	56	16	1	5	60	3	57	2.16e-25	85.5
PVU71016.1	WP_011278042.1	67.9	658	208	3	1	657	1	656	0.0	907
PVU71018.1	WP_011278192.1	77.1	415	95	0	1	415	1	415	1.06e-239	656
PVU71019.1	WP_011278191.1	52.6	249	117	1	1	249	1	248	2.10e-95	277
PVU71020.1	WP_011278277.1	62.5	200	72	2	1	199	1	198	2.87e-86	251
PVU71020.1	WP_015385617.1	62.6	190	68	2	11	199	2	189	2.70e-82	240
PVU71021.1	WP_011278278.1	57.1	224	96	0	1	224	684	907	8.05e-82	258
PVU71021.1	WP_081096542.1	57.1	224	96	0	1	224	670	893	6.69e-82	258
PVU71021.1	WP_062414723.1	57.1	224	96	0	1	224	684	907	1.12e-81	258
PVU71022.1	WP_011278189.1	29.6	115	71	5	1	105	1	115	2.16e-09	48.5
PVU71023.1	WP_011278050.1	68.8	568	175	2	1	568	1	566	3.13e-311	850
PVU71052.1	WP_011278149.1	59.6	225	91	0	5	229	6	230	2.76e-101	295
PVU71053.1	WP_011278150.1	81.2	442	83	0	1	442	1	442	7.05e-264	719
PVU71053.1	WP_062110873.1	81.0	442	84	0	1	442	1	442	2.02e-263	718
PVU71054.1	WP_011278151.1	90.8	131	12	0	1	131	1	131	2.01e-85	242
PVU71055.1	WP_011278152.1	89.4	386	41	0	1	386	1	386	4.93e-258	700
PVU71056.1	WP_011278154.1	77.7	310	69	0	1	310	1	310	6.15e-187	514
PVU71057.1	WP_011278155.1	89.5	478	50	0	6	483	5	482	0.0	889
PVU71058.1	WP_048054399.1	63.3	79	29	0	1	79	1	79	5.57e-34	108
PVU71059.1	WP_011278157.1	65.9	938	313	4	1	935	1	934	0.0	1275
PVU71059.1	WP_147127849.1	65.8	938	314	4	1	935	1	934	0.0	1275
PVU71059.1	WP_062428010.1	65.9	938	313	4	1	935	1	934	0.0	1274
PVU71059.1	WP_061997986.1	65.8	938	314	4	1	935	1	934	0.0	1273
PVU71059.1	WP_062369416.1	65.8	938	314	4	1	935	1	934	0.0	1273
PVU71059.1	WP_058692954.1	65.8	938	314	4	1	935	1	934	0.0	1273
PVU71059.1	WP_062368182.1	65.8	938	314	4	1	935	1	934	0.0	1272
PVU71059.1	WP_062003551.1	65.8	938	314	4	1	935	1	934	0.0	1272
PVU71060.1	WP_011278158.1	73.3	90	24	0	1	90	1	90	9.23e-47	141
PVU71061.1	WP_015385600.1	58.4	1153	474	4	1	1151	1	1149	0.0	1384
PVU71061.1	WP_058692923.1	58.3	1153	475	4	1	1151	1	1149	0.0	1382
PVU71062.1	WP_011278160.1	74.5	110	26	1	1	110	1	108	5.40e-57	169
PVU71063.1	WP_011278161.1	65.6	90	31	0	1	90	1	90	2.51e-40	125
PVU71064.1	WP_011278162.1	53.3	165	76	1	1	165	1	164	2.47e-62	187
PVU71065.1	WP_015385601.1	68.6	542	170	0	1	542	1	542	2.26e-271	747
PVU71066.1	WP_011278164.1	53.9	128	49	2	1	127	1	119	8.69e-40	127
PVU71067.1	WP_011278165.1	67.3	104	34	0	6	109	3	106	7.14e-49	148
PVU71068.1	WP_011278166.1	64.2	95	34	0	1	95	3	97	9.03e-43	132
PVU71069.1	WP_011278167.1	75.2	476	113	1	1	471	1	476	4.15e-262	717
PVU71070.1	WP_011278168.1	82.6	356	62	0	1	356	1	356	8.18e-236	641
PVU71071.1	WP_147127852.1	71.0	207	60	0	1	207	1	207	3.88e-106	301
PVU71071.1	WP_338107996.1	70.5	207	61	0	1	207	8	214	2.01e-105	299
PVU71072.1	WP_011278170.1	72.0	225	63	0	1	225	1	225	4.38e-116	328
PVU71073.1	WP_011278171.1	62.5	253	90	2	1	252	1	249	6.98e-109	311
PVU71074.1	WP_011278172.1	63.6	250	88	1	1	247	1	250	1.79e-121	343
PVU71075.1	WP_011278174.1	50.7	67	31	2	4	68	3	69	1.35e-12	53.9
PVU71076.1	WP_011278175.1	60.8	347	135	1	1	347	1	346	1.31e-149	422
PVU71077.1	WP_011278176.1	62.1	214	81	0	98	311	99	312	4.14e-41	142
PVU71078.1	WP_011278177.1	60.7	89	35	0	1	89	1	89	7.20e-37	116
PVU71079.1	WP_011278180.1	56.4	383	164	2	1	381	1	382	6.12e-159	449
PVU71080.1	WP_011278182.1	52.5	141	66	1	1	140	1	141	1.21e-54	165
PVU71081.1	WP_011278184.1	77.6	388	87	0	1	388	1	388	2.73e-218	601
PVU71082.1	WP_011278185.1	85.2	54	7	1	1	53	1	54	2.82e-25	84.7
PVU71083.1	WP_011278186.1	74.6	449	111	1	1	449	1	446	3.57e-252	690
PVU71084.1	WP_015385605.1	70.7	634	185	1	1	633	1	634	0.0	890
PVU71084.1	WP_147127854.1	70.5	634	186	1	1	633	1	634	0.0	889
PVU71085.1	WP_011278188.1	52.0	354	161	4	1	349	1	350	5.68e-134	383
PVU71086.1	WP_011278189.1	58.7	126	52	0	1	126	1	126	9.14e-54	162
PVU71087.1	WP_011278228.1	68.2	622	193	3	1	621	1	618	3.72e-313	859
PVU71088.1	WP_011278229.1	56.7	67	27	1	1	67	1	65	4.14e-19	70.1
PVU71089.1	WP_048054400.1	65.8	111	36	2	2	111	17	126	1.25e-51	156
PVU71090.1	WP_011278153.1	78.1	529	115	1	5	533	4	531	2.72e-311	847
PVU71091.1	WP_011278159.1	93.8	97	6	0	1	97	1	97	3.21e-57	168
PVU71092.1	WP_080504018.1	94.8	191	10	0	6	196	2	192	1.70e-128	356
PVU71093.1	WP_011278178.1	70.8	295	82	3	1	295	1	291	2.05e-148	415
PVU71094.1	WP_011278179.1	65.3	124	42	1	1	124	15	137	7.55e-56	167
PVU71095.1	WP_011278181.1	50.7	304	142	3	1	297	1	303	2.01e-102	299
PVU71096.1	WP_011278183.1	79.0	229	48	0	4	232	3	231	9.21e-140	388
PVU71097.1	WP_011278190.1	81.5	839	152	3	1	838	1	837	0.0	1391
PVU71098.1	WP_015385608.1	81.5	81	15	0	1	81	21	101	2.85e-43	132
PVU71127.1	WP_011277659.1	56.7	326	140	1	1	326	1	325	1.40e-143	405
PVU71128.1	WP_011277660.1	79.0	594	124	1	1	594	1	593	0.0	935
PVU71129.1	WP_011277661.1	82.5	171	30	0	1	171	1	171	6.77e-108	302
PVU71130.1	WP_011277662.1	52.3	235	102	2	2	227	1	234	6.41e-71	213
PVU71131.1	WP_011277663.1	72.2	234	64	1	1	233	1	234	4.07e-115	326
PVU71132.1	WP_011277664.1	71.8	227	64	0	1	227	1	227	1.24e-121	342
PVU71133.1	WP_011277665.1	60.3	151	60	0	4	154	4	154	1.13e-71	209
PVU71134.1	WP_011277666.1	52.4	82	38	1	1	81	1	82	1.69e-25	87.4
PVU71135.1	WP_011277667.1	61.9	590	220	5	1	588	7	593	2.28e-238	667
PVU71136.1	WP_011277668.1	55.1	287	124	3	1	283	1	286	4.37e-113	325
PVU71137.1	WP_011277669.1	55.6	606	264	2	1	602	1	605	3.02e-232	652
PVU71138.1	WP_011277670.1	83.4	403	65	1	2	404	3	403	8.37e-245	668
PVU71139.1	WP_011277671.1	88.5	87	10	0	1	87	1	87	1.45e-53	158
PVU71140.1	WP_011277672.1	63.0	92	34	0	1	92	1	92	5.80e-39	122
PVU71141.1	WP_011277673.1	78.1	529	115	1	1	529	1	528	7.55e-312	848
PVU71141.1	WP_062164904.1	75.8	529	125	2	1	529	1	526	1.83e-300	819
PVU71141.1	WP_061961072.1	73.5	532	117	2	1	529	1	511	5.47e-289	790
PVU71142.1	WP_011277674.1	70.9	220	63	1	1	219	7	226	8.29e-105	299
PVU71142.1	WP_048054427.1	70.9	220	63	1	1	219	1	220	6.75e-105	299
PVU71143.1	WP_011277675.1	72.5	149	41	0	1	149	1	149	1.88e-74	216
PVU71144.1	WP_015385500.1	82.8	134	20	2	3	134	4	136	1.11e-77	223
PVU71145.1	WP_011277677.1	73.8	130	34	0	1	130	1	130	1.52e-78	225
PVU71146.1	WP_011277678.1	77.0	453	104	0	1	453	1	453	2.88e-259	709
PVU71148.1	WP_011278975.1	48.2	191	92	5	1	186	1	189	2.95e-55	172
PVU71150.1	WP_011277756.1	76.4	89	21	0	1	89	1	89	9.65e-44	134
PVU71151.1	WP_011277757.1	64.4	118	41	1	1	117	1	118	1.95e-54	163
PVU71152.1	WP_011277758.1	62.5	192	72	0	1	192	1	192	1.69e-91	263
PVU71152.1	WP_061997278.1	62.6	190	71	0	3	192	8	197	1.15e-90	261
PVU71152.1	WP_081093984.1	62.1	190	72	0	3	192	1	190	2.60e-90	259
PVU71152.1	WP_061997553.1	61.4	184	71	0	9	192	6	189	2.27e-86	249
PVU71152.1	WP_062110868.1	61.2	183	71	0	10	192	2	184	5.50e-86	248
PVU71152.1	WP_061980440.1	56.8	192	83	0	1	192	1	192	4.56e-82	239
PVU71153.1	WP_011277759.1	50.6	362	175	4	1	359	2	362	1.08e-121	352
PVU71153.1	WP_062406503.1	50.8	358	172	4	1	355	2	358	8.06e-120	348
PVU71153.1	WP_061997269.1	50.6	354	171	4	1	351	2	354	3.05e-118	343
PVU71153.1	WP_062368166.1	50.6	354	171	4	1	351	2	354	4.54e-118	343
PVU71153.1	WP_230951989.1	50.6	354	171	4	1	351	2	354	1.03e-117	343
PVU71153.1	WP_230949770.1	50.3	354	172	4	1	351	2	354	1.42e-117	342
PVU71153.1	WP_062509835.1	50.4	353	171	4	1	350	2	353	2.51e-117	342
PVU71153.1	WP_062422552.1	50.6	352	170	4	1	349	2	352	4.13e-117	341
PVU71153.1	WP_061952141.1	50.7	349	168	4	1	346	2	349	3.45e-116	338
PVU71153.1	WP_230960796.1	50.7	349	168	4	1	346	2	349	3.94e-116	338
PVU71153.1	WP_062421870.1	50.7	349	168	4	1	346	2	349	2.32e-116	338
PVU71153.1	WP_230950249.1	50.7	349	168	4	1	346	2	349	5.28e-116	338
PVU71153.1	WP_230950196.1	50.1	349	170	4	1	346	2	349	6.39e-115	335
PVU71153.1	WP_062087683.1	50.4	347	168	4	1	344	2	347	8.36e-115	335
PVU71153.1	WP_061972161.1	50.4	347	168	4	1	344	2	347	7.58e-115	335
PVU71153.1	WP_062420437.1	50.4	347	168	4	1	344	2	347	7.33e-115	335
PVU71153.1	WP_062164917.1	50.6	346	167	4	1	343	2	346	2.42e-114	333
PVU71153.1	WP_062102615.1	49.9	343	168	4	1	340	2	343	1.93e-112	328
PVU71153.1	WP_062500469.1	50.1	335	163	4	1	332	2	335	1.71e-110	323
PVU71154.1	WP_011277760.1	52.0	179	83	2	1	177	1	178	2.06e-57	175
PVU71155.1	WP_061992262.1	54.9	173	72	2	5	173	2	172	3.12e-65	194
PVU71155.1	WP_011277761.1	54.9	173	72	2	5	173	2	172	4.43e-65	194
PVU71156.1	WP_015385516.1	73.6	163	43	0	4	166	3	165	2.21e-85	245
PVU71157.1	WP_011277763.1	65.3	121	39	2	1	118	1	121	2.60e-53	160
PVU71157.1	WP_230937967.1	66.4	116	36	2	6	118	1	116	3.67e-52	157
PVU71158.1	WP_011277764.1	77.1	70	16	0	1	70	1	70	2.40e-37	116
PVU71159.1	WP_011277766.1	56.6	182	79	0	1	182	1	182	7.87e-73	214
PVU71159.1	WP_230949807.1	59.0	161	66	0	22	182	1	161	4.77e-67	199
PVU71160.1	WP_011277767.1	64.8	165	58	0	3	167	1	165	2.62e-76	222
PVU71161.1	WP_015385517.1	71.1	412	119	0	1	412	1	412	1.33e-224	618
PVU71162.1	WP_338107998.1	54.8	84	38	0	1	84	1	84	1.69e-28	95.1
PVU71163.1	WP_011277770.1	72.8	147	40	0	1	147	1	147	2.01e-77	224
PVU71164.1	WP_011277772.1	89.2	325	35	0	1	325	1	325	1.08e-210	575
PVU71165.1	WP_011277773.1	80.5	149	29	0	1	149	1	149	8.00e-94	265
PVU71166.1	WP_011277774.1	82.3	203	36	0	1	203	1	203	4.16e-122	341
PVU71167.1	WP_011277775.1	64.2	397	139	2	1	396	1	395	2.04e-185	517
PVU71169.1	WP_011277776.1	79.0	334	70	0	1	334	1	334	3.84e-197	541
PVU71170.1	WP_011277777.1	57.6	203	86	0	1	203	1	203	1.41e-83	243
PVU71170.1	WP_088899909.1	57.6	203	86	0	1	203	1	203	1.41e-83	243
PVU71171.1	WP_230937966.1	42.1	159	91	1	1	158	2	160	9.71e-40	129
PVU71171.1	WP_011277778.1	42.1	159	91	1	1	158	1	159	9.43e-40	129
PVU71175.1	WP_011278139.1	51.5	233	111	1	1	231	1	233	1.45e-82	243
PVU71175.1	WP_011278352.1	51.8	228	106	3	1	226	2	227	8.84e-75	224
PVU71176.1	WP_230937929.1	45.6	125	67	1	4	127	10	134	8.79e-36	117
PVU71177.1	WP_015385732.1	46.6	73	39	0	3	75	13	85	2.14e-17	67.0
PVU71177.1	WP_011278741.1	46.6	73	39	0	3	75	18	90	2.42e-17	67.0
PVU71178.1	WP_011277377.1	30.4	217	139	3	4	214	3	213	1.14e-27	102
PVU71179.1	WP_230937883.1	32.7	165	98	6	1	157	8	167	8.71e-21	80.9
PVU71179.1	WP_011277376.1	32.7	165	98	6	1	157	1	160	7.43e-21	80.9
PVU71180.1	WP_011277375.1	69.6	299	91	0	1	299	1	299	4.36e-156	435
PVU71181.1	WP_011277374.1	58.0	307	121	5	1	302	1	304	1.42e-127	363
PVU71182.1	WP_011277373.1	49.8	283	138	4	1	280	1	282	3.56e-91	270
PVU71183.1	WP_011277371.1	73.2	168	44	1	1	167	1	168	3.02e-88	253
PVU71184.1	WP_011277370.1	69.6	404	120	2	1	401	1	404	2.27e-200	556
PVU71184.1	WP_196489300.1	68.3	407	124	3	1	402	5	411	8.87e-196	544
PVU71187.1	WP_062088548.1	44.4	63	34	1	2	63	7	69	3.92e-12	52.4
PVU71188.1	WP_011277394.1	40.9	88	47	2	12	94	12	99	1.02e-16	66.6
PVU71188.1	WP_011278346.1	38.2	89	50	2	12	95	11	99	4.96e-15	62.4
PVU71190.1	WP_088912509.1	61.2	245	91	1	3	243	12	256	9.18e-108	309
PVU71191.1	WP_062088665.1	97.2	107	3	0	1	107	1	107	2.87e-64	197
PVU71194.1	WP_230952028.1	77.2	79	16	1	11	89	1	77	6.01e-36	115
PVU71195.1	WP_011278759.1	54.6	130	59	0	1	130	1	130	1.66e-54	164
PVU71196.1	WP_011278760.1	68.5	73	23	0	1	73	1	73	6.75e-31	100
PVU71197.1	WP_011277765.1	80.8	688	130	2	1	686	1	688	0.0	1107
PVU71198.1	WP_011277771.1	73.1	435	117	0	1	435	1	435	2.10e-237	652
PVU71199.1	WP_011277372.1	50.0	140	66	2	1	137	4	142	1.69e-46	145
